userId,productId,purchasedAt,quantity,unitPrice
USR00337,PRD00865,2023-11-26,4,601.85
USR00337,PRD00227,2020-09-03,5,2053.53
USR00803,PRD01627,2023-01-02,3,2301.46
USR00803,PRD00285,2025-04-07,2,358.69
USR00803,PRD00991,2021-08-31,2,2377.41
USR00803,PRD01458,2021-03-17,4,207.25
USR01030,PRD02699,2023-11-04,4,1179.96
USR00131,PRD00139,2023-11-09,1,2119.81
USR01189,PRD00188,2024-03-20,1,238.37
USR01189,PRD02258,2022-08-28,5,2160.04
USR01189,PRD01411,2021-07-30,5,1403.47
USR01189,PRD02973,2023-10-14,5,1081.29
USR01189,PRD01403,2021-08-28,1,2380.34
USR00337,PRD02343,2024-03-11,3,975.74
USR00337,PRD01773,2025-09-18,2,1553.38
USR00337,PRD02256,2025-08-13,4,1038.46
USR00337,PRD01008,2025-10-06,1,1001.59
USR00337,PRD01485,2024-02-06,4,1488.27
USR00553,PRD01624,2025-09-21,2,21.25
USR00553,PRD01259,2021-06-16,1,1304.57
USR00553,PRD00854,2020-09-19,5,1121.63
USR00496,PRD02358,2021-08-05,1,884.49
USR00513,PRD02044,2023-03-28,1,1210.84
USR00513,PRD01336,2020-08-31,4,2362.13
USR00812,PRD00698,2021-08-09,2,1747.42
USR00812,PRD00625,2022-05-21,2,1136.34
USR00812,PRD02472,2025-08-14,3,2166.58
USR00812,PRD02199,2021-04-14,4,842.61
USR00957,PRD00383,2022-10-21,2,841.38
USR00957,PRD00530,2020-03-31,3,88.0
USR00248,PRD00631,2022-10-21,3,45.63
USR00248,PRD00250,2020-07-12,3,663.17
USR00248,PRD02342,2025-03-21,4,70.83
USR00790,PRD00182,2022-08-19,2,2010.25
USR00790,PRD01097,2020-12-19,4,1955.56
USR00779,PRD01919,2022-07-20,2,430.48
USR00779,PRD00765,2022-04-07,5,1508.84
USR00779,PRD01835,2021-03-17,1,1240.23
USR00779,PRD00788,2021-09-23,5,393.92
USR00779,PRD00358,2023-10-05,2,822.71
USR00602,PRD02223,2024-08-23,4,1124.82
USR00602,PRD00148,2020-01-15,5,1661.65
USR01003,PRD00705,2024-04-24,2,643.96
USR01003,PRD02491,2022-09-11,4,11.77
USR01003,PRD00185,2022-11-07,1,1220.75
USR01003,PRD00954,2025-08-19,3,625.6
USR00068,PRD02624,2022-08-27,4,1243.85
USR00068,PRD01866,2024-08-29,1,225.2
USR00068,PRD00971,2023-10-26,2,703.45
USR00068,PRD00778,2023-04-12,4,557.12
USR00487,PRD02929,2024-03-07,3,300.67
USR00487,PRD02875,2023-11-30,5,2448.18
USR00487,PRD01986,2025-04-10,2,2003.01
USR00487,PRD02983,2020-01-09,4,1730.57
USR00487,PRD01712,2020-11-24,4,2013.12
USR00550,PRD01432,2025-03-05,1,1353.18
USR01101,PRD00390,2021-11-10,5,2142.79
USR01215,PRD02949,2025-04-16,3,157.81
USR00482,PRD01624,2025-09-18,5,21.25
USR00482,PRD02919,2023-12-17,3,2123.44
USR00146,PRD00198,2022-05-17,3,1592.4
USR00146,PRD02613,2025-12-06,3,1432.57
USR00146,PRD00608,2025-03-21,2,1478.87
USR00146,PRD01146,2022-12-08,4,140.08
USR00369,PRD02325,2023-10-15,3,828.1
USR00369,PRD02785,2025-07-31,2,2484.57
USR00369,PRD00968,2022-05-19,5,1040.31
USR00369,PRD01170,2024-10-31,2,1198.38
USR01192,PRD00033,2022-12-28,4,263.56
USR01192,PRD00759,2021-05-09,2,2237.91
USR00268,PRD01241,2022-10-25,1,1532.48
USR00268,PRD02242,2021-07-22,1,1136.52
USR00268,PRD01182,2025-12-28,2,1138.23
USR01119,PRD01611,2024-07-10,4,1073.13
USR01119,PRD00758,2023-02-27,5,1498.99
USR01119,PRD00694,2020-01-19,5,2313.77
USR00800,PRD01983,2021-04-18,3,1198.4
USR00800,PRD00722,2020-11-26,2,2242.86
USR00328,PRD00686,2020-03-09,5,353.18
USR00328,PRD02798,2020-11-28,3,633.41
USR00328,PRD00087,2021-11-07,4,2009.93
USR00328,PRD01088,2020-04-21,2,805.3
USR00029,PRD01379,2020-07-16,3,1172.96
USR00029,PRD02780,2022-01-27,3,54.5
USR00579,PRD02290,2020-12-05,3,344.17
USR00579,PRD00667,2020-04-23,3,1786.05
USR00579,PRD02033,2024-12-27,5,1598.54
USR00447,PRD01026,2024-09-03,5,880.65
USR00447,PRD00436,2022-09-25,4,1379.14
USR00447,PRD00975,2024-03-22,4,1493.95
USR00447,PRD00101,2024-05-26,3,1490.83
USR00447,PRD00013,2020-01-05,1,2157.53
USR01181,PRD00443,2021-07-01,2,1215.49
USR01181,PRD02069,2020-01-17,3,2240.84
USR01061,PRD01584,2023-10-02,5,226.54
USR01061,PRD02760,2021-01-24,4,1760.78
USR01061,PRD01178,2020-02-25,4,2000.15
USR00489,PRD01647,2022-03-13,1,343.7
USR00489,PRD02860,2022-01-26,1,1938.22
USR00489,PRD01699,2025-12-04,2,748.11
USR00028,PRD00326,2021-10-30,1,316.59
USR00028,PRD00974,2021-03-02,1,1167.0
USR00028,PRD02992,2021-12-25,2,1131.28
USR00964,PRD01199,2023-12-25,5,673.78
USR00964,PRD02895,2021-06-30,4,2245.89
USR00455,PRD02560,2023-11-25,5,698.49
USR00455,PRD01223,2024-01-08,3,190.59
USR00455,PRD00307,2022-01-10,3,1518.71
USR00229,PRD02610,2020-04-17,3,1274.49
USR00229,PRD01310,2021-06-14,3,1472.64
USR00229,PRD00913,2025-08-10,3,2115.94
USR00229,PRD01803,2020-10-29,5,1033.11
USR00229,PRD00165,2022-06-05,3,1021.85
USR01022,PRD02729,2023-10-05,2,185.01
USR01022,PRD00049,2021-06-28,5,833.69
USR01022,PRD00710,2022-10-18,5,319.97
USR00835,PRD02448,2022-10-04,1,2054.25
USR00835,PRD01797,2025-10-26,3,358.65
USR00835,PRD01541,2025-12-14,5,23.19
USR00835,PRD02110,2021-07-12,3,448.56
USR00835,PRD00350,2023-10-12,5,1310.07
USR00672,PRD02312,2023-07-29,5,2087.02
USR00672,PRD00482,2025-06-11,1,665.61
USR00672,PRD01521,2024-09-17,5,421.47
USR00672,PRD01906,2025-05-10,4,154.89
USR00672,PRD01142,2024-05-05,5,619.45
USR00505,PRD02924,2022-04-01,2,228.5
USR01176,PRD02984,2020-08-10,3,696.83
USR01176,PRD02107,2021-10-15,5,913.37
USR01176,PRD00591,2022-08-01,2,1779.36
USR01176,PRD00660,2023-12-21,4,2472.14
USR00061,PRD01842,2025-10-28,2,2244.94
USR00061,PRD02065,2025-11-12,1,59.39
USR00061,PRD01211,2024-06-15,1,64.51
USR00061,PRD01873,2020-01-07,2,630.01
USR00061,PRD01315,2020-08-21,3,2212.45
USR00708,PRD02005,2020-08-12,5,1638.46
USR00708,PRD00573,2020-01-22,2,2126.8
USR01027,PRD00140,2020-03-19,4,1216.26
USR01027,PRD00390,2023-02-21,2,2142.79
USR01095,PRD02025,2024-05-31,5,973.53
USR01095,PRD01517,2025-10-14,4,240.78
USR00426,PRD02342,2022-04-09,3,70.83
USR00426,PRD02075,2024-01-11,5,28.13
USR00551,PRD01400,2021-08-12,1,1744.31
USR00551,PRD01874,2023-05-29,3,685.14
USR00551,PRD01683,2021-01-23,5,552.73
USR00551,PRD00124,2023-10-21,5,92.0
USR00551,PRD01520,2020-08-12,2,1566.67
USR01234,PRD02331,2025-02-14,1,2428.67
USR01234,PRD02765,2024-09-12,1,2224.0
USR01413,PRD01409,2024-01-10,3,606.59
USR00303,PRD01695,2021-10-12,2,205.04
USR00303,PRD02974,2022-05-20,1,1221.91
USR00303,PRD01467,2022-04-05,5,110.02
USR00656,PRD01479,2023-07-20,1,1712.22
USR00656,PRD02140,2025-06-01,2,1985.17
USR01161,PRD02232,2020-07-08,3,1451.61
USR01161,PRD00561,2021-04-03,2,998.4
USR01161,PRD02779,2021-02-22,2,1588.03
USR01161,PRD00007,2024-09-12,3,2247.68
USR00175,PRD00382,2023-08-03,4,34.94
USR01120,PRD01154,2020-07-11,3,2282.7
USR01120,PRD02517,2021-07-15,4,2458.36
USR01120,PRD01578,2025-11-02,3,2254.59
USR01120,PRD00631,2020-08-09,1,45.63
USR01120,PRD01846,2024-07-12,1,1450.31
USR00461,PRD00570,2023-11-26,3,1008.73
USR00461,PRD00716,2021-02-06,1,2309.89
USR00461,PRD00934,2023-12-06,1,308.18
USR00699,PRD00216,2021-06-30,4,469.84
USR00625,PRD02641,2025-01-09,1,739.29
USR00625,PRD00135,2020-05-12,3,839.0
USR00625,PRD00626,2021-01-20,3,1767.94
USR00625,PRD00013,2021-09-15,5,2157.53
USR00625,PRD00465,2025-06-04,1,1480.35
USR00176,PRD00002,2023-02-04,3,326.6
USR00176,PRD00559,2020-01-05,2,1022.34
USR00176,PRD02633,2021-04-13,1,2070.98
USR00176,PRD00662,2021-08-16,5,662.62
USR00396,PRD01377,2024-10-05,1,1241.22
USR00396,PRD00670,2025-03-29,5,1546.58
USR00396,PRD01617,2024-09-06,2,2259.03
USR00748,PRD02934,2022-12-25,1,854.12
USR00748,PRD01544,2021-07-04,5,905.61
USR01424,PRD02378,2022-12-25,3,1679.55
USR01424,PRD02014,2023-07-21,4,2295.43
USR01424,PRD01663,2023-05-15,2,1714.53
USR01424,PRD00019,2025-07-07,1,621.6
USR00862,PRD02742,2024-08-18,3,1377.59
USR00862,PRD01113,2025-07-12,1,372.11
USR00862,PRD02389,2020-12-13,2,31.63
USR00862,PRD01433,2021-09-10,1,1665.89
USR00862,PRD00601,2021-07-16,5,1395.81
USR00777,PRD00869,2023-05-11,3,1088.27
USR00777,PRD01136,2025-02-02,4,2158.3
USR00777,PRD01296,2021-09-10,5,190.31
USR00777,PRD02019,2021-11-09,5,1949.75
USR00777,PRD01575,2021-04-30,5,1288.21
USR00377,PRD01660,2022-08-21,1,719.3
USR01453,PRD01595,2021-07-25,2,2354.16
USR01453,PRD01565,2023-11-19,4,2186.84
USR01453,PRD01610,2025-11-08,1,2259.4
USR00481,PRD02444,2020-04-12,5,583.38
USR00481,PRD01803,2025-08-07,4,1033.11
USR00516,PRD01200,2024-07-15,5,1665.63
USR00516,PRD01518,2021-01-28,5,2416.63
USR00881,PRD01614,2021-06-06,4,442.96
USR01451,PRD00914,2021-06-15,3,2403.73
USR01451,PRD01407,2025-05-11,3,2209.41
USR01451,PRD01802,2020-01-04,3,1310.06
USR01451,PRD01326,2024-10-25,3,1644.79
USR00381,PRD01692,2024-03-14,5,1247.22
USR01052,PRD00493,2022-07-10,2,168.59
USR01052,PRD01087,2024-04-23,3,2275.64
USR00909,PRD02121,2024-06-10,2,1316.22
USR00909,PRD00133,2021-03-07,1,1154.12
USR01356,PRD01225,2021-08-24,2,433.47
USR01356,PRD01142,2020-12-09,3,619.45
USR01356,PRD00035,2021-04-16,1,1753.06
USR01037,PRD01025,2021-07-14,2,2217.37
USR01037,PRD00917,2022-06-04,3,786.42
USR00050,PRD00121,2025-03-07,4,1788.59
USR00050,PRD02945,2021-09-17,1,1729.95
USR00651,PRD01577,2025-08-21,4,335.77
USR00651,PRD02771,2021-01-03,2,1140.53
USR00135,PRD01704,2022-12-22,5,2109.42
USR00135,PRD00794,2025-11-10,5,2298.78
USR00135,PRD01257,2020-07-13,2,1703.49
USR00135,PRD02561,2021-09-27,3,259.42
USR00401,PRD00851,2021-11-03,1,2031.67
USR00735,PRD00451,2025-10-01,2,2282.62
USR01298,PRD01977,2022-03-17,4,1892.75
USR01298,PRD02478,2023-10-08,3,2356.03
USR00993,PRD01320,2025-10-01,1,1117.81
USR00993,PRD02587,2025-03-17,4,92.33
USR00993,PRD00644,2022-12-16,5,156.6
USR00993,PRD00317,2025-02-05,1,899.63
USR00816,PRD00225,2023-05-02,3,367.15
USR01409,PRD02477,2023-01-02,2,432.97
USR01409,PRD00088,2021-05-18,3,619.76
USR01381,PRD01543,2021-06-05,4,222.97
USR00361,PRD00676,2023-04-01,1,1656.45
USR00660,PRD02566,2020-03-05,1,2037.81
USR00660,PRD02542,2023-02-20,5,2147.91
USR00445,PRD00005,2022-10-06,4,1203.92
USR00445,PRD00412,2025-12-17,2,671.16
USR00445,PRD00081,2022-11-26,1,2266.54
USR01418,PRD02397,2022-02-04,5,818.94
USR00880,PRD00890,2025-12-01,1,735.55
USR00880,PRD00232,2025-10-12,3,1073.16
USR00880,PRD02596,2022-08-18,2,276.09
USR00880,PRD01762,2022-09-08,1,1032.88
USR00880,PRD02819,2023-11-30,2,1907.3
USR00928,PRD00369,2020-11-14,1,654.02
USR00928,PRD02803,2020-11-27,4,1386.66
USR00928,PRD02659,2023-12-14,3,1419.72
USR00261,PRD00794,2021-12-01,4,2298.78
USR00261,PRD00945,2025-05-01,2,2077.89
USR00261,PRD00339,2020-02-05,2,884.8
USR00261,PRD01906,2021-10-04,1,154.89
USR00261,PRD01411,2022-11-11,4,1403.47
USR00768,PRD02569,2024-01-23,5,1881.44
USR00768,PRD01478,2021-11-08,4,2072.44
USR00768,PRD01246,2025-11-08,5,1772.33
USR00929,PRD02023,2024-02-19,3,1753.99
USR00929,PRD01610,2021-12-17,4,2259.4
USR00929,PRD00967,2022-06-19,2,1898.93
USR01408,PRD01090,2023-03-30,2,116.29
USR01408,PRD00118,2023-03-05,5,2439.59
USR01408,PRD02653,2024-09-19,1,2329.29
USR01408,PRD00708,2022-07-25,3,1337.79
USR00873,PRD01144,2022-05-25,5,1349.14
USR00873,PRD00398,2021-12-03,5,1431.86
USR00873,PRD02755,2021-01-07,2,1959.09
USR00873,PRD00516,2020-11-02,5,875.67
USR01136,PRD01062,2020-11-02,2,978.9
USR01136,PRD00640,2022-11-04,4,731.47
USR01136,PRD01307,2025-05-25,2,2251.64
USR00217,PRD00708,2020-05-15,4,1337.79
USR00217,PRD00403,2020-10-03,5,1373.62
USR00217,PRD02579,2020-10-16,4,1088.0
USR00217,PRD02979,2025-07-19,5,649.13
USR01413,PRD00633,2021-08-29,2,1937.01
USR01413,PRD01590,2022-09-01,2,1849.17
USR01413,PRD01394,2024-04-13,3,2095.14
USR01413,PRD00038,2022-07-01,5,2354.07
USR01413,PRD00195,2020-12-14,2,981.83
USR00030,PRD01305,2020-03-09,5,806.62
USR00030,PRD00931,2021-03-08,1,857.66
USR00506,PRD00603,2020-06-21,5,1240.13
USR00506,PRD00883,2025-02-19,1,1903.82
USR00534,PRD01379,2024-11-14,2,1172.96
USR00534,PRD02333,2021-09-17,5,2008.0
USR00534,PRD01428,2022-08-18,2,2025.73
USR01446,PRD02448,2025-07-07,1,2054.25
USR01446,PRD02898,2025-09-02,3,1048.29
USR01446,PRD02713,2024-03-12,5,878.05
USR01235,PRD00173,2023-11-17,5,1112.96
USR01235,PRD02683,2024-10-11,2,2303.22
USR01235,PRD01983,2025-03-04,1,1198.4
USR00577,PRD02372,2021-03-26,4,1779.49
USR00577,PRD00458,2021-12-01,5,166.32
USR00577,PRD02286,2022-06-09,3,2357.47
USR00577,PRD02844,2020-07-07,1,1799.43
USR00577,PRD02068,2020-11-07,5,1852.76
USR00529,PRD00411,2024-11-19,2,807.52
USR00529,PRD00416,2025-08-01,5,2345.98
USR00529,PRD00907,2023-06-10,2,1087.09
USR00529,PRD00527,2022-07-12,3,1888.77
USR00529,PRD00129,2020-05-17,4,589.03
USR00837,PRD01647,2021-09-19,1,343.7
USR00837,PRD02383,2021-03-01,5,1650.37
USR00660,PRD02473,2021-06-07,3,2022.39
USR00660,PRD01021,2020-04-27,4,840.13
USR00660,PRD02846,2024-11-20,5,1709.1
USR00660,PRD01175,2024-07-11,5,1131.76
USR00238,PRD00886,2022-08-21,5,1804.15
USR00238,PRD00325,2021-11-28,4,296.49
USR00443,PRD00255,2024-11-26,1,141.25
USR00443,PRD01109,2025-01-25,5,1313.59
USR00443,PRD01099,2022-08-15,5,142.66
USR00443,PRD01652,2024-03-03,5,2312.86
USR00443,PRD00009,2025-11-02,3,480.11
USR01098,PRD00247,2023-03-24,4,2290.83
USR01098,PRD00726,2025-10-03,1,1872.92
USR00949,PRD02322,2022-09-28,3,1454.5
USR00949,PRD02008,2021-09-22,1,651.65
USR00949,PRD02170,2025-10-31,3,1196.29
USR00949,PRD00140,2024-03-18,1,1216.26
USR00949,PRD01345,2023-05-02,1,472.59
USR00742,PRD01994,2024-08-13,2,1700.06
USR00742,PRD00114,2023-01-13,1,1343.89
USR00742,PRD01414,2021-05-26,2,162.63
USR00742,PRD00431,2021-05-28,2,1253.6
USR01460,PRD02795,2024-05-11,4,2375.31
USR01460,PRD00687,2024-09-22,2,338.43
USR01460,PRD01009,2022-10-13,4,2216.59
USR00834,PRD01085,2020-04-24,5,2021.03
USR00834,PRD02487,2023-10-14,3,1449.73
USR00834,PRD00393,2024-08-14,5,201.86
USR00834,PRD00514,2025-09-02,5,574.53
USR00834,PRD02603,2022-06-19,5,491.89
USR00158,PRD02521,2021-11-06,5,1179.03
USR00158,PRD01207,2025-11-18,4,2062.77
USR00158,PRD01661,2021-09-12,5,2403.98
USR00158,PRD01321,2022-08-16,5,648.67
USR00158,PRD02681,2022-06-20,1,1519.46
USR01305,PRD00488,2020-09-18,2,1454.33
USR01305,PRD00732,2025-05-20,4,707.21
USR01305,PRD01924,2025-04-18,5,1765.05
USR01305,PRD02487,2025-07-23,1,1449.73
USR01241,PRD01840,2022-08-04,1,120.36
USR01164,PRD00520,2024-11-04,1,1929.88
USR01164,PRD00847,2023-04-23,4,987.8
USR01164,PRD00594,2022-08-30,3,188.81
USR01164,PRD00484,2022-05-11,1,469.5
USR01164,PRD01993,2023-07-20,3,2065.1
USR00540,PRD01353,2022-11-30,3,68.42
USR00309,PRD00422,2024-06-04,3,652.39
USR00419,PRD00599,2020-12-21,4,2423.09
USR00640,PRD01854,2025-04-22,5,1580.94
USR00640,PRD02679,2023-11-06,5,611.13
USR00640,PRD02541,2023-11-01,3,1280.79
USR00640,PRD02694,2025-04-29,2,556.91
USR00146,PRD00527,2023-08-01,2,1888.77
USR00146,PRD01038,2025-08-04,1,166.36
USR00798,PRD00335,2020-07-11,3,1932.08
USR00798,PRD00160,2024-04-11,5,2389.87
USR00798,PRD02081,2024-03-27,4,962.78
USR00068,PRD00571,2025-09-05,2,1024.19
USR00068,PRD01684,2024-03-27,1,1375.46
USR00068,PRD01021,2024-03-28,3,840.13
USR01372,PRD00349,2020-08-06,4,751.63
USR01372,PRD00710,2024-05-14,3,319.97
USR00755,PRD01511,2023-12-20,2,663.78
USR00755,PRD00414,2020-04-15,4,1723.62
USR00755,PRD01778,2025-06-04,2,1176.71
USR00103,PRD00507,2024-02-27,2,231.15
USR00103,PRD02757,2024-05-11,3,1596.15
USR00103,PRD01724,2024-09-13,4,1644.88
USR00103,PRD02410,2022-05-09,3,1453.29
USR00158,PRD01850,2024-05-24,1,1740.02
USR00158,PRD02563,2021-12-15,5,1792.94
USR00158,PRD02925,2022-07-15,2,2249.66
USR00158,PRD02063,2022-03-10,4,69.45
USR00158,PRD00765,2025-12-28,1,1508.84
USR01343,PRD01127,2023-01-07,4,1241.04
USR01343,PRD02181,2020-11-07,3,697.22
USR01343,PRD02774,2020-07-04,1,1664.6
USR01343,PRD00828,2020-10-21,4,124.88
USR00999,PRD01995,2025-03-28,3,2236.14
USR00743,PRD02940,2023-11-26,4,1246.55
USR01052,PRD00424,2020-01-22,1,2119.02
USR01052,PRD00598,2023-01-25,2,399.41
USR00294,PRD02312,2024-02-23,2,2087.02
USR00294,PRD01714,2024-08-27,4,793.92
USR00294,PRD01862,2024-09-09,2,288.35
USR00368,PRD02302,2020-08-05,4,1299.37
USR00368,PRD01205,2022-06-12,3,1135.82
USR00368,PRD02855,2023-07-18,3,2204.63
USR00368,PRD00335,2024-10-12,1,1932.08
USR00192,PRD00444,2022-01-10,3,1369.84
USR00192,PRD01354,2022-02-28,1,754.4
USR00192,PRD01919,2020-04-12,5,430.48
USR00192,PRD02987,2021-09-22,3,1597.59
USR00192,PRD02823,2023-10-21,5,1866.97
USR01172,PRD01127,2023-08-16,5,1241.04
USR01172,PRD00564,2024-03-02,5,504.35
USR00493,PRD01732,2025-05-23,3,1625.79
USR00493,PRD00513,2020-12-19,3,1187.63
USR00493,PRD00631,2025-05-30,2,45.63
USR00493,PRD01019,2023-03-17,2,528.12
USR00493,PRD02761,2024-07-12,4,2432.87
USR01013,PRD02841,2022-03-02,2,661.8
USR01013,PRD02400,2021-09-07,5,2386.87
USR01013,PRD02702,2023-11-15,5,1903.57
USR01013,PRD02039,2021-04-24,1,630.25
USR01115,PRD02449,2023-02-17,4,936.92
USR01115,PRD01154,2024-08-06,3,2282.7
USR00432,PRD01003,2025-02-13,5,357.78
USR00432,PRD01238,2023-06-21,1,1048.76
USR00432,PRD01066,2025-02-06,1,217.89
USR00432,PRD00978,2020-08-12,3,2162.97
USR00432,PRD00624,2021-09-07,4,1602.58
USR00136,PRD02005,2022-04-14,1,1638.46
USR00410,PRD02059,2025-03-25,5,1656.08
USR00410,PRD02398,2024-01-30,3,2002.89
USR00410,PRD01073,2024-07-04,2,2114.66
USR00427,PRD00518,2021-03-16,1,2200.6
USR00427,PRD00979,2020-06-15,4,180.0
USR00427,PRD01767,2022-10-22,4,1112.04
USR00427,PRD02748,2022-01-22,3,2080.39
USR00522,PRD01564,2023-02-12,5,505.19
USR00750,PRD02335,2022-12-05,4,1885.11
USR00750,PRD01790,2024-07-17,2,1964.77
USR00750,PRD01026,2021-06-01,1,880.65
USR00994,PRD00600,2023-05-30,3,2029.24
USR00994,PRD01182,2021-01-05,4,1138.23
USR00994,PRD02203,2024-10-10,3,655.28
USR00994,PRD02505,2025-08-03,2,1676.92
USR01472,PRD02313,2023-01-18,2,2037.04
USR01472,PRD02398,2025-03-07,4,2002.89
USR01472,PRD01922,2023-02-02,1,99.93
USR01472,PRD02812,2025-12-12,4,394.72
USR01472,PRD02455,2024-01-04,3,129.09
USR01121,PRD02867,2022-08-01,1,624.59
USR01121,PRD01682,2024-04-26,2,869.16
USR00785,PRD00457,2020-06-27,2,742.61
USR00785,PRD00801,2022-12-23,3,187.01
USR00785,PRD00089,2025-09-07,5,571.54
USR00785,PRD01354,2022-04-07,5,754.4
USR00138,PRD00057,2021-04-04,2,99.56
USR00138,PRD01632,2025-10-02,5,1443.49
USR00138,PRD01771,2021-07-16,1,2192.47
USR00138,PRD02305,2020-09-27,1,1926.51
USR00174,PRD00117,2021-03-12,3,2079.95
USR00174,PRD02416,2021-05-14,5,923.56
USR00174,PRD00353,2023-05-06,4,373.78
USR00483,PRD00885,2025-10-24,4,605.04
USR00483,PRD00951,2024-03-07,3,2347.98
USR00483,PRD02463,2020-05-10,5,878.94
USR00483,PRD02822,2024-09-30,4,675.85
USR00483,PRD02398,2021-03-04,2,2002.89
USR01393,PRD00194,2024-11-29,5,2011.43
USR01393,PRD00877,2024-10-11,5,474.29
USR01393,PRD01662,2022-10-15,4,1228.03
USR01393,PRD00286,2022-11-03,2,549.82
USR00649,PRD02230,2023-02-24,2,559.09
USR00649,PRD01931,2020-04-05,2,604.54
USR00649,PRD01425,2024-07-28,5,2458.69
USR00649,PRD02702,2020-06-01,5,1903.57
USR01351,PRD00564,2025-11-20,2,504.35
USR01351,PRD01378,2021-12-30,4,542.65
USR01351,PRD01246,2023-06-25,5,1772.33
USR00925,PRD01702,2025-04-09,5,2155.39
USR01159,PRD02859,2021-06-25,4,1731.14
USR01159,PRD01364,2021-08-01,3,601.85
USR01159,PRD02330,2021-11-04,3,2354.61
USR01159,PRD02281,2025-07-24,3,173.22
USR01159,PRD00701,2025-12-20,1,326.54
USR00322,PRD01904,2022-04-20,3,1455.36
USR00322,PRD01496,2020-03-25,1,1699.81
USR00462,PRD02885,2020-12-07,3,1741.58
USR00462,PRD00489,2025-01-01,1,988.32
USR00462,PRD00271,2021-12-18,5,2080.08
USR00657,PRD01901,2022-01-13,1,2349.73
USR00657,PRD02640,2022-04-07,5,2200.19
USR00657,PRD00687,2020-09-12,4,338.43
USR00657,PRD01540,2025-09-28,4,835.25
USR00657,PRD02340,2023-12-12,2,1148.44
USR01383,PRD01744,2023-11-21,5,1172.13
USR01383,PRD02412,2022-07-08,5,1508.81
USR01383,PRD01532,2021-10-25,4,907.97
USR01383,PRD02809,2025-05-17,2,1495.55
USR00495,PRD00907,2025-07-26,3,1087.09
USR00495,PRD02892,2025-03-25,5,1837.79
USR00495,PRD00446,2025-04-24,1,1673.88
USR00495,PRD00760,2020-05-14,1,2179.61
USR01471,PRD01718,2023-12-31,1,1950.17
USR01471,PRD02029,2024-03-05,5,1533.15
USR01471,PRD01269,2020-07-24,3,1913.62
USR01471,PRD00246,2022-05-10,4,407.97
USR00656,PRD00980,2025-03-19,3,1257.15
USR00656,PRD00370,2021-01-08,3,2178.57
USR00656,PRD02392,2020-11-04,4,1679.58
USR00656,PRD02143,2024-04-13,2,443.76
USR01418,PRD01579,2021-08-08,1,314.19
USR01418,PRD02813,2023-06-14,5,1307.5
USR01418,PRD01723,2025-04-20,2,1733.88
USR01142,PRD00202,2024-10-17,5,1250.95
USR01142,PRD02132,2024-07-29,4,1467.5
USR01142,PRD00610,2023-07-18,2,1594.88
USR00151,PRD00155,2020-02-01,4,2377.85
USR00151,PRD01549,2023-10-18,1,677.63
USR00151,PRD01274,2022-03-31,4,2318.29
USR00632,PRD02345,2022-12-31,4,495.38
USR00632,PRD00335,2025-05-22,4,1932.08
USR00632,PRD02644,2023-12-27,1,594.18
USR00915,PRD02853,2024-12-02,4,1138.74
USR00915,PRD01486,2022-10-27,2,2054.69
USR00915,PRD02630,2023-04-06,2,2218.94
USR00915,PRD02183,2023-09-02,3,867.35
USR00387,PRD02434,2020-11-10,3,972.31
USR01261,PRD01377,2020-08-12,4,1241.22
USR01261,PRD02448,2021-03-17,3,2054.25
USR01261,PRD01755,2023-12-31,2,1749.53
USR01261,PRD00008,2022-10-26,2,2298.51
USR01285,PRD01707,2023-10-24,5,2228.6
USR00428,PRD01817,2024-01-18,4,1172.8
USR00428,PRD00549,2023-11-28,2,226.6
USR00428,PRD02396,2022-10-26,1,2140.42
USR00107,PRD02352,2023-10-01,5,1433.05
USR00107,PRD02878,2024-08-26,4,453.41
USR00308,PRD02566,2021-07-11,3,2037.81
USR00308,PRD00145,2022-05-26,5,1406.63
USR00308,PRD02083,2021-12-18,1,2284.15
USR00308,PRD02146,2020-10-11,2,978.22
USR00700,PRD02708,2025-02-08,5,1785.14
USR00700,PRD02999,2021-02-05,2,86.85
USR00700,PRD02584,2023-01-31,3,1327.56
USR00700,PRD00059,2020-02-23,3,2381.6
USR00700,PRD02780,2021-02-28,2,54.5
USR00319,PRD01240,2025-10-28,5,1919.96
USR00319,PRD01391,2024-04-25,3,581.01
USR01244,PRD02695,2022-11-19,5,530.93
USR01244,PRD01128,2022-02-16,2,1535.39
USR01244,PRD00785,2023-11-13,4,1539.27
USR01244,PRD00172,2025-04-06,4,2284.24
USR01244,PRD02075,2020-11-01,4,28.13
USR00048,PRD01363,2024-07-22,3,1185.11
USR00880,PRD02375,2020-11-07,5,378.42
USR01002,PRD02831,2025-08-02,1,708.12
USR01002,PRD02788,2020-03-01,3,1700.91
USR00621,PRD01931,2021-08-15,1,604.54
USR01276,PRD00120,2025-04-16,4,443.44
USR01276,PRD00634,2022-01-02,2,972.89
USR01276,PRD02700,2025-08-09,2,682.2
USR01276,PRD02680,2021-07-25,3,2200.43
USR01276,PRD02083,2020-08-13,4,2284.15
USR00131,PRD01520,2021-07-01,1,1566.67
USR00131,PRD02911,2022-11-20,4,2467.32
USR01161,PRD02270,2024-01-10,5,657.97
USR00427,PRD01016,2023-10-25,1,1473.37
USR01455,PRD01538,2023-03-27,1,2268.28
USR01455,PRD02961,2024-11-14,5,324.9
USR01041,PRD00088,2025-04-07,1,619.76
USR01196,PRD01369,2021-12-05,4,217.26
USR01196,PRD02491,2024-10-30,3,11.77
USR01196,PRD01225,2020-12-25,2,433.47
USR01196,PRD00018,2022-12-18,4,803.91
USR01196,PRD02138,2021-08-06,4,27.64
USR00010,PRD01610,2023-01-05,3,2259.4
USR00010,PRD02745,2023-06-17,3,2271.33
USR00812,PRD00751,2025-10-31,5,1622.46
USR00812,PRD01589,2022-05-14,2,1539.27
USR00137,PRD01113,2022-11-11,4,372.11
USR00137,PRD02088,2021-02-12,5,1493.77
USR00137,PRD01166,2025-01-26,5,1074.16
USR00137,PRD02887,2024-01-28,2,687.07
USR00137,PRD02625,2025-07-19,5,2283.28
USR00282,PRD01947,2021-10-19,2,2005.72
USR00282,PRD01923,2022-06-03,1,363.04
USR00935,PRD02273,2020-07-25,3,1615.71
USR00774,PRD01283,2024-05-31,5,2121.62
USR00774,PRD02678,2020-10-01,2,1721.45
USR00774,PRD00987,2021-07-25,1,637.06
USR00774,PRD00137,2024-08-14,4,320.19
USR01118,PRD00402,2023-03-02,1,2166.22
USR01118,PRD02245,2023-01-31,5,2106.47
USR01118,PRD00609,2024-04-18,2,1737.52
USR01118,PRD00219,2023-11-27,4,863.2
USR01118,PRD01152,2024-01-22,5,1092.37
USR00014,PRD00729,2021-01-14,3,550.03
USR00014,PRD00262,2025-03-19,3,1618.35
USR01443,PRD02583,2022-06-05,2,2347.38
USR01443,PRD02288,2025-04-18,4,1692.2
USR01443,PRD02625,2021-07-03,4,2283.28
USR01443,PRD01729,2022-10-17,1,1823.45
USR01467,PRD00400,2023-03-10,3,1277.1
USR00001,PRD02392,2021-07-03,5,1679.58
USR00001,PRD01385,2022-08-11,1,1204.56
USR00001,PRD01285,2025-09-07,1,285.62
USR00001,PRD00816,2021-08-25,3,1374.54
USR01259,PRD02692,2022-04-08,5,1737.48
USR01259,PRD02142,2021-09-25,5,1116.5
USR01259,PRD02701,2023-09-28,5,1572.94
USR00460,PRD00220,2024-08-01,1,1749.78
USR00460,PRD01903,2023-10-29,2,1299.59
USR00460,PRD02018,2022-10-31,2,2459.72
USR00460,PRD00962,2024-11-03,2,1024.28
USR00783,PRD00566,2024-04-08,1,181.44
USR00664,PRD00616,2022-03-22,5,1631.01
USR00664,PRD00803,2025-05-28,1,1746.8
USR00664,PRD01103,2024-07-25,1,345.67
USR01209,PRD00668,2025-08-10,4,1727.84
USR01209,PRD01357,2021-09-22,4,1974.78
USR00200,PRD02110,2025-11-30,3,448.56
USR01148,PRD00448,2025-04-18,4,1840.82
USR01148,PRD02434,2023-01-25,1,972.31
USR01148,PRD01864,2021-09-20,1,450.91
USR00465,PRD01191,2023-07-13,5,1870.75
USR00712,PRD01860,2023-02-20,3,1598.94
USR00712,PRD00155,2022-03-24,3,2377.85
USR00712,PRD00834,2025-05-20,4,1972.53
USR00712,PRD01854,2022-10-02,4,1580.94
USR00712,PRD02169,2024-02-24,1,615.63
USR01127,PRD02880,2021-04-24,2,226.12
USR00015,PRD00706,2025-12-19,2,343.53
USR00015,PRD02529,2020-09-17,5,498.93
USR00015,PRD02478,2023-12-03,4,2356.03
USR00015,PRD00859,2025-09-06,5,205.3
USR00015,PRD00763,2020-01-05,1,558.69
USR00619,PRD01753,2025-08-17,4,878.79
USR00163,PRD02697,2022-11-06,5,125.37
USR00163,PRD01657,2023-02-01,4,379.88
USR00163,PRD00861,2025-07-04,1,49.95
USR00163,PRD01576,2024-10-10,1,1778.18
USR00868,PRD02451,2024-04-18,2,897.21
USR00868,PRD02015,2021-10-24,3,2168.27
USR00868,PRD00841,2025-06-02,3,2028.06
USR00868,PRD01079,2022-07-11,2,172.13
USR00868,PRD02189,2025-03-22,4,1928.41
USR01372,PRD01703,2021-06-19,3,643.25
USR01372,PRD00623,2022-12-09,4,135.64
USR01372,PRD02806,2024-07-22,2,2091.26
USR00209,PRD00386,2022-02-19,5,477.82
USR00209,PRD01104,2023-08-02,3,721.73
USR00209,PRD01274,2021-08-28,2,2318.29
USR00209,PRD00655,2022-01-13,4,931.97
USR00209,PRD02720,2021-04-03,5,149.67
USR01444,PRD02557,2024-07-31,1,93.56
USR01378,PRD02027,2022-07-19,4,1910.7
USR00034,PRD00564,2022-07-08,4,504.35
USR00034,PRD02440,2025-07-14,3,2472.7
USR00034,PRD00602,2024-01-12,2,1906.41
USR00034,PRD02070,2022-02-09,5,1274.28
USR01053,PRD02221,2024-07-21,5,1099.31
USR01053,PRD01520,2020-12-02,2,1566.67
USR01053,PRD02770,2022-12-27,4,2122.03
USR01168,PRD02843,2022-04-13,2,808.16
USR01168,PRD02270,2021-12-04,4,657.97
USR01168,PRD01535,2024-05-24,1,1254.88
USR01168,PRD02100,2024-02-28,5,1765.6
USR01168,PRD02397,2022-06-11,4,818.94
USR00674,PRD00696,2025-04-05,3,376.3
USR00674,PRD02238,2024-09-25,1,1180.26
USR00674,PRD02855,2025-09-28,5,2204.63
USR00674,PRD02247,2021-09-23,3,242.0
USR00248,PRD01419,2023-04-07,3,904.32
USR00248,PRD00832,2020-08-10,5,322.32
USR00248,PRD01134,2020-12-29,2,319.05
USR00917,PRD00510,2022-12-24,1,1538.24
USR00917,PRD00316,2021-04-23,3,102.52
USR00917,PRD02928,2021-11-26,4,779.34
USR00917,PRD00328,2021-10-29,3,430.95
USR00061,PRD01131,2023-08-13,2,1034.42
USR00061,PRD00428,2023-03-20,2,844.01
USR00868,PRD02082,2025-01-31,5,396.15
USR00868,PRD02518,2020-03-25,2,1267.85
USR00352,PRD02521,2022-09-21,3,1179.03
USR00642,PRD01464,2022-11-17,1,1441.09
USR00642,PRD02833,2022-02-26,4,982.36
USR00642,PRD01669,2020-12-24,5,1609.6
USR00328,PRD02988,2022-01-28,4,2128.92
USR00328,PRD02551,2024-06-27,4,1151.91
USR00328,PRD01542,2023-06-18,3,622.95
USR00328,PRD01069,2021-11-07,1,613.36
USR00328,PRD00264,2025-08-27,5,1058.2
USR01269,PRD00705,2021-10-21,1,643.96
USR00796,PRD01507,2020-12-30,4,1980.6
USR00796,PRD02099,2025-02-05,4,406.1
USR00043,PRD01688,2022-10-25,5,498.56
USR00040,PRD00113,2023-03-15,4,1190.4
USR00040,PRD02306,2022-12-20,4,156.83
USR00040,PRD00268,2024-01-06,4,698.6
USR00040,PRD00617,2025-09-12,2,167.82
USR01348,PRD02476,2024-06-10,1,2149.13
USR01348,PRD02011,2025-05-31,2,1362.07
USR01348,PRD00394,2022-06-02,4,2370.31
USR01348,PRD00876,2021-05-27,3,240.06
USR01451,PRD00598,2021-02-01,5,399.41
USR01451,PRD01769,2021-03-14,5,1694.5
USR01442,PRD01722,2021-07-26,4,2449.26
USR01442,PRD01006,2021-03-25,2,2400.61
USR01353,PRD00659,2024-05-21,4,1759.65
USR01353,PRD00195,2020-10-01,2,981.83
USR01353,PRD02211,2025-11-02,1,1620.67
USR01049,PRD00318,2025-03-24,3,658.47
USR01049,PRD01656,2022-02-06,4,44.03
USR01049,PRD02637,2020-05-06,4,397.72
USR01108,PRD00644,2020-09-01,2,156.6
USR01108,PRD01049,2020-10-23,1,1934.66
USR01108,PRD02234,2020-02-25,3,266.39
USR01108,PRD02459,2021-07-17,3,1988.74
USR01108,PRD00987,2022-01-27,4,637.06
USR00232,PRD01536,2025-03-27,2,959.78
USR00473,PRD00395,2021-03-25,4,270.22
USR00473,PRD01225,2021-07-14,3,433.47
USR00414,PRD00101,2021-06-29,4,1490.83
USR00414,PRD01554,2020-02-29,2,2113.33
USR00414,PRD00350,2023-06-01,4,1310.07
USR00414,PRD01930,2022-12-16,4,222.47
USR00414,PRD01247,2024-04-09,2,2094.45
USR01290,PRD02523,2025-07-05,3,1848.21
USR01290,PRD02507,2023-11-10,3,2018.84
USR01290,PRD02170,2020-03-29,3,1196.29
USR01003,PRD01295,2025-06-18,3,8.27
USR01003,PRD02802,2024-02-09,1,1905.63
USR01003,PRD02943,2020-04-27,5,1181.37
USR01003,PRD02806,2023-01-05,2,2091.26
USR01045,PRD00567,2024-07-11,1,335.33
USR01045,PRD01311,2020-10-19,1,642.45
USR01045,PRD00441,2021-07-03,2,1498.87
USR01045,PRD01719,2021-05-28,2,1009.32
USR01045,PRD02394,2022-10-30,5,1146.91
USR01383,PRD01047,2025-07-10,2,1550.84
USR01383,PRD00352,2021-03-21,5,2219.33
USR00111,PRD01602,2023-02-21,4,2207.61
USR00230,PRD01308,2020-11-28,2,1860.14
USR01201,PRD01576,2020-11-15,1,1778.18
USR01201,PRD00745,2024-06-28,5,2036.3
USR01201,PRD00464,2025-07-20,2,548.63
USR01201,PRD02004,2022-04-18,1,1914.97
USR01201,PRD00159,2024-10-17,1,540.42
USR01370,PRD02842,2023-06-08,5,542.55
USR01370,PRD00732,2023-10-27,1,707.21
USR01370,PRD02629,2020-06-28,5,591.1
USR01370,PRD01887,2024-06-08,2,79.88
USR01370,PRD02482,2025-08-06,3,1117.93
USR01295,PRD01575,2024-11-06,5,1288.21
USR01295,PRD01453,2020-11-25,5,603.16
USR01295,PRD02904,2023-06-12,2,1630.34
USR01295,PRD02547,2024-07-18,5,332.21
USR01295,PRD02248,2021-03-26,2,2016.43
USR00200,PRD01362,2021-02-05,1,815.67
USR00200,PRD00060,2025-02-04,2,531.28
USR00200,PRD00772,2025-03-07,4,822.43
USR00196,PRD00851,2024-04-07,5,2031.67
USR00196,PRD01419,2024-03-31,5,904.32
USR00072,PRD00297,2022-05-13,2,2157.44
USR00072,PRD00542,2020-11-26,3,922.82
USR00072,PRD02943,2021-04-05,4,1181.37
USR00350,PRD02114,2020-05-01,5,672.3
USR00350,PRD01270,2022-03-14,3,715.43
USR00350,PRD02140,2025-02-01,1,1985.17
USR00350,PRD00586,2022-02-22,2,1803.48
USR00350,PRD02925,2023-10-13,4,2249.66
USR00457,PRD00360,2021-09-23,3,526.42
USR00837,PRD02379,2025-02-18,5,956.63
USR00837,PRD00405,2022-06-10,4,62.74
USR01287,PRD01563,2024-08-05,5,2311.36
USR01287,PRD02637,2025-05-22,2,397.72
USR01287,PRD01139,2023-05-14,5,653.22
USR01287,PRD01179,2021-01-27,2,392.46
USR00857,PRD01267,2022-02-18,5,1232.36
USR00857,PRD00666,2020-07-06,1,1475.75
USR00857,PRD00783,2023-01-11,1,571.13
USR00857,PRD00611,2024-01-06,5,2213.51
USR00190,PRD02313,2020-01-04,4,2037.04
USR00190,PRD01223,2022-12-07,4,190.59
USR00190,PRD01109,2025-02-06,2,1313.59
USR00190,PRD00152,2022-11-02,1,830.47
USR00090,PRD00711,2023-01-31,5,1077.97
USR00090,PRD02304,2021-07-15,5,1910.6
USR00090,PRD00666,2022-12-20,4,1475.75
USR00090,PRD00742,2022-02-17,1,1387.5
USR00090,PRD01111,2025-11-18,5,589.96
USR00937,PRD01505,2022-07-21,1,1489.92
USR00937,PRD02745,2024-12-16,1,2271.33
USR00937,PRD01195,2022-09-03,3,730.03
USR01473,PRD02657,2020-01-10,2,2255.58
USR01178,PRD00165,2020-02-27,3,1021.85
USR01297,PRD02991,2025-06-28,3,395.18
USR01297,PRD02455,2021-05-17,3,129.09
USR01297,PRD00461,2022-05-08,2,409.18
USR01297,PRD00442,2024-09-07,3,2439.99
USR01297,PRD01039,2023-07-23,3,850.94
USR01241,PRD00792,2021-04-13,3,2184.89
USR00272,PRD01544,2020-08-19,4,905.61
USR00272,PRD00807,2024-11-05,5,2043.68
USR00272,PRD02305,2021-03-05,4,1926.51
USR00272,PRD00067,2025-11-22,4,1352.54
USR01200,PRD00297,2022-04-16,5,2157.44
USR01200,PRD00382,2023-09-22,1,34.94
USR01200,PRD00706,2023-11-19,4,343.53
USR01200,PRD02486,2022-11-29,3,1976.82
USR01200,PRD01207,2024-11-21,5,2062.77
USR01478,PRD01447,2022-12-01,5,1662.86
USR01478,PRD00122,2023-02-19,4,725.47
USR01478,PRD00622,2025-04-02,5,2217.32
USR01478,PRD02085,2021-04-06,3,895.46
USR00604,PRD02198,2020-01-13,4,581.24
USR00604,PRD02870,2025-04-19,4,1225.22
USR00604,PRD01450,2021-10-02,4,1351.21
USR00604,PRD01694,2022-09-17,2,1968.18
USR00604,PRD00740,2024-01-09,5,726.87
USR00628,PRD00835,2023-10-04,2,1773.55
USR00628,PRD00840,2023-08-07,4,985.15
USR00628,PRD02893,2021-05-02,2,1044.36
USR00628,PRD01819,2020-07-28,1,847.2
USR00844,PRD00267,2025-02-01,3,1959.37
USR00844,PRD01613,2021-11-08,5,211.3
USR00844,PRD01513,2023-09-08,1,1009.71
USR00207,PRD02956,2022-11-09,3,1283.53
USR00207,PRD00598,2024-03-02,1,399.41
USR00207,PRD01801,2025-02-05,1,2003.42
USR00207,PRD00950,2020-02-01,1,1028.23
USR00207,PRD00897,2021-11-14,5,2159.15
USR00744,PRD00533,2025-07-13,2,1272.67
USR00744,PRD00901,2022-01-22,5,604.03
USR00744,PRD02852,2021-08-17,3,632.35
USR00744,PRD01813,2021-04-07,2,393.37
USR00744,PRD00561,2023-06-15,1,998.4
USR00652,PRD00715,2025-02-09,2,1957.98
USR00777,PRD00126,2024-04-07,3,2262.94
USR00777,PRD00644,2021-06-15,1,156.6
USR00488,PRD00625,2021-10-10,5,1136.34
USR00488,PRD00922,2025-10-22,3,1316.92
USR00488,PRD00604,2025-11-02,3,777.44
USR00488,PRD01167,2022-02-06,3,949.43
USR00487,PRD01153,2023-02-24,4,2022.65
USR00487,PRD02592,2021-12-13,3,773.94
USR00487,PRD02229,2020-03-04,5,1010.02
USR00487,PRD02208,2022-03-21,3,817.16
USR01248,PRD01348,2021-02-10,5,567.35
USR01248,PRD00629,2020-06-28,3,1938.82
USR00449,PRD00216,2025-09-29,5,469.84
USR00449,PRD02342,2023-03-26,2,70.83
USR00904,PRD02992,2024-10-12,1,1131.28
USR00904,PRD00575,2021-05-03,2,2084.15
USR00528,PRD00885,2024-12-22,2,605.04
USR00528,PRD00998,2023-11-28,1,805.22
USR01388,PRD01537,2021-12-29,2,965.6
USR00973,PRD01439,2024-09-07,5,2226.99
USR00973,PRD01584,2023-07-11,4,226.54
USR00973,PRD00223,2022-06-07,2,251.18
USR00911,PRD00916,2025-10-05,5,742.33
USR00978,PRD02599,2025-01-08,2,2220.59
USR00978,PRD00252,2025-09-26,2,1116.63
USR00978,PRD01258,2025-12-30,5,1827.65
USR00978,PRD00223,2025-11-08,1,251.18
USR00331,PRD02103,2023-08-04,2,889.28
USR00331,PRD02722,2021-07-16,5,1162.09
USR00464,PRD01508,2021-05-01,2,1311.11
USR00464,PRD00928,2025-10-22,4,196.77
USR00464,PRD01564,2024-05-31,2,505.19
USR00700,PRD00912,2024-04-19,5,1362.04
USR01398,PRD01847,2025-02-03,4,1122.58
USR01398,PRD01809,2021-09-06,2,2032.57
USR01398,PRD00527,2024-12-03,4,1888.77
USR00326,PRD01733,2021-04-04,2,414.06
USR01490,PRD02570,2025-10-14,4,911.5
USR01490,PRD02428,2023-08-28,1,108.01
USR01490,PRD02479,2020-04-11,1,2218.37
USR01490,PRD00113,2025-08-23,3,1190.4
USR01490,PRD01569,2020-12-15,5,1959.69
USR00251,PRD01001,2023-06-27,1,142.42
USR00251,PRD01354,2024-10-01,2,754.4
USR00251,PRD00555,2022-10-17,5,609.5
USR00246,PRD00646,2023-11-24,1,278.24
USR00246,PRD00426,2020-08-14,5,907.21
USR01316,PRD01112,2020-03-01,2,1755.45
USR01316,PRD01945,2024-01-30,3,1858.54
USR01316,PRD00343,2025-05-10,1,2035.01
USR01205,PRD02870,2020-11-08,4,1225.22
USR00401,PRD00209,2024-11-18,2,265.1
USR00401,PRD01550,2022-04-23,1,468.4
USR00401,PRD00742,2022-09-02,5,1387.5
USR00401,PRD01332,2022-01-07,5,417.29
USR00911,PRD02154,2021-11-06,4,392.07
USR00911,PRD01556,2025-11-19,1,639.49
USR00911,PRD02046,2021-01-11,1,1015.13
USR00911,PRD01926,2020-10-30,2,177.02
USR01383,PRD00044,2025-11-30,4,346.46
USR01383,PRD01856,2024-05-07,3,544.54
USR00402,PRD00355,2021-12-04,5,1866.59
USR00402,PRD01582,2023-01-01,2,2391.0
USR01322,PRD02705,2022-05-05,1,509.79
USR01322,PRD02850,2025-12-17,2,1603.15
USR01322,PRD00344,2020-03-29,5,284.85
USR01322,PRD01663,2021-01-25,1,1714.53
USR01322,PRD02512,2021-01-15,4,1852.25
USR00771,PRD02198,2025-09-02,5,581.24
USR00771,PRD00167,2020-07-26,4,2121.45
USR00771,PRD02598,2022-03-09,4,165.21
USR01347,PRD01845,2025-12-01,1,1701.62
USR01347,PRD02805,2024-05-29,5,327.88
USR01347,PRD02621,2023-10-05,2,887.1
USR01347,PRD02528,2020-07-05,4,1890.55
USR01347,PRD00837,2022-04-14,5,1232.53
USR00522,PRD02135,2020-05-27,2,499.95
USR00522,PRD01392,2024-05-07,3,2421.84
USR00522,PRD02216,2024-04-01,3,1841.18
USR00522,PRD01930,2024-07-14,5,222.47
USR00278,PRD00778,2023-10-09,1,557.12
USR00278,PRD01032,2023-10-31,2,1213.97
USR01106,PRD02514,2025-07-25,4,235.45
USR01106,PRD02744,2023-10-23,5,2319.72
USR01106,PRD00447,2021-02-04,4,1095.14
USR01106,PRD00328,2022-11-26,1,430.95
USR01106,PRD02345,2021-06-26,2,495.38
USR00622,PRD01756,2022-04-03,2,2063.06
USR00622,PRD01155,2025-11-23,4,1833.17
USR00622,PRD02051,2020-12-14,4,377.93
USR00622,PRD02211,2023-06-10,2,1620.67
USR00622,PRD01852,2020-04-04,2,2125.99
USR00334,PRD02104,2020-02-27,2,1426.68
USR00903,PRD02650,2024-07-07,1,1865.98
USR00903,PRD01493,2024-07-14,1,2190.5
USR00903,PRD02756,2024-08-19,2,1055.12
USR00903,PRD01184,2022-09-18,1,200.84
USR00903,PRD02380,2021-07-19,1,1873.06
USR01107,PRD00553,2021-06-17,2,749.15
USR01107,PRD01054,2024-02-12,2,2350.59
USR01107,PRD02590,2021-03-24,2,454.24
USR01107,PRD01188,2024-11-21,5,265.89
USR01107,PRD01653,2020-01-20,5,2250.33
USR01181,PRD02007,2021-06-10,1,1624.28
USR01181,PRD01249,2021-09-07,2,2287.02
USR00219,PRD00297,2022-04-28,2,2157.44
USR00219,PRD00955,2025-05-06,5,2099.57
USR00608,PRD01681,2025-07-09,5,1748.9
USR00122,PRD00233,2022-12-17,3,1483.1
USR00797,PRD00839,2023-12-17,1,233.59
USR00797,PRD02340,2020-08-25,1,1148.44
USR00797,PRD00899,2024-01-26,5,1488.14
USR00797,PRD01500,2022-11-13,5,1184.67
USR00051,PRD02869,2023-12-18,1,1586.86
USR01101,PRD02678,2021-11-13,2,1721.45
USR01101,PRD00206,2021-09-16,3,2134.35
USR00973,PRD02350,2021-06-22,5,2367.62
USR00973,PRD02356,2022-11-02,2,965.34
USR00973,PRD01371,2024-05-08,2,643.97
USR00973,PRD02873,2025-03-10,4,675.08
USR00973,PRD00388,2023-06-27,5,793.95
USR00187,PRD01205,2021-10-17,3,1135.82
USR00187,PRD01677,2021-08-02,5,2497.68
USR00187,PRD02867,2020-02-16,1,624.59
USR00187,PRD02732,2024-01-20,2,1092.09
USR00187,PRD01204,2025-08-31,3,1982.99
USR00153,PRD00511,2023-11-12,3,340.5
USR00153,PRD02611,2021-11-21,2,1344.88
USR00357,PRD01966,2025-07-06,2,400.12
USR00357,PRD01518,2025-04-07,2,2416.63
USR00357,PRD01717,2023-11-29,5,1142.8
USR00357,PRD01206,2021-05-05,4,1103.59
USR00357,PRD02605,2022-08-08,2,1638.06
USR00972,PRD00484,2020-01-25,4,469.5
USR00972,PRD00371,2022-09-14,3,2221.22
USR00972,PRD00630,2025-06-09,4,396.59
USR00972,PRD00493,2022-07-31,3,168.59
USR01221,PRD01155,2021-09-14,3,1833.17
USR01221,PRD00820,2025-04-18,4,522.41
USR01221,PRD00775,2021-11-12,1,119.99
USR01221,PRD01893,2020-12-29,4,669.53
USR01221,PRD00539,2023-05-09,4,1146.57
USR00316,PRD00408,2020-09-12,4,2226.34
USR00316,PRD01970,2022-01-15,1,318.88
USR00316,PRD02815,2021-09-04,4,190.65
USR00316,PRD00458,2024-11-23,2,166.32
USR00316,PRD02691,2025-09-08,3,2319.89
USR00076,PRD01946,2020-05-08,2,112.02
USR00076,PRD02011,2021-05-10,1,1362.07
USR00076,PRD02087,2023-03-27,1,1234.32
USR00076,PRD01255,2024-06-19,5,6.4
USR00718,PRD01822,2022-10-08,4,2077.11
USR00718,PRD00315,2023-08-10,4,2016.48
USR00718,PRD00276,2023-09-13,4,2158.07
USR00718,PRD02340,2020-03-11,2,1148.44
USR00718,PRD01614,2024-06-10,4,442.96
USR00806,PRD02513,2024-10-23,4,715.75
USR00806,PRD01968,2024-10-07,5,1652.08
USR00806,PRD00175,2023-07-21,3,2383.36
USR00806,PRD01766,2023-03-06,3,2215.54
USR00158,PRD01014,2020-07-09,2,539.73
USR01219,PRD01781,2025-05-31,3,1962.28
USR01219,PRD00614,2021-04-18,2,651.4
USR00462,PRD01663,2022-09-17,2,1714.53
USR00462,PRD02295,2025-03-05,5,574.23
USR00462,PRD02777,2020-04-18,1,2423.37
USR00462,PRD00033,2023-10-03,3,263.56
USR00904,PRD00302,2025-04-08,3,2205.63
USR00904,PRD00460,2021-03-27,5,1941.91
USR00904,PRD01994,2021-05-08,2,1700.06
USR00787,PRD00622,2022-08-04,5,2217.32
USR00787,PRD00383,2021-11-10,4,841.38
USR00787,PRD01429,2024-12-22,2,1858.94
USR00787,PRD01804,2021-11-14,3,2394.33
USR00787,PRD00066,2022-08-16,4,2431.44
USR00987,PRD02076,2023-07-29,3,1281.74
USR00025,PRD00903,2024-10-02,3,376.5
USR00025,PRD01686,2024-08-12,4,1484.96
USR00025,PRD01228,2021-11-03,4,2441.98
USR00603,PRD02070,2023-08-28,5,1274.28
USR00603,PRD01941,2025-03-02,5,1874.1
USR00603,PRD02919,2022-05-19,3,2123.44
USR00603,PRD01760,2022-01-29,1,1170.35
USR00603,PRD02216,2020-10-05,4,1841.18
USR00875,PRD01793,2024-04-03,2,1007.66
USR00875,PRD02877,2025-12-03,5,826.57
USR00875,PRD01626,2023-03-20,1,2071.99
USR00922,PRD02938,2023-02-27,3,1831.89
USR00922,PRD00886,2023-11-30,1,1804.15
USR01265,PRD01724,2024-05-26,4,1644.88
USR01265,PRD00579,2023-08-27,5,2160.38
USR01265,PRD02926,2023-08-23,1,2327.97
USR01265,PRD01658,2021-09-30,2,1907.84
USR01265,PRD01060,2020-08-02,4,1662.16
USR01325,PRD01712,2021-02-04,2,2013.12
USR01325,PRD00427,2022-03-11,1,2160.92
USR01325,PRD01873,2022-03-25,1,630.01
USR01325,PRD01872,2021-12-02,5,11.56
USR00142,PRD00090,2020-01-09,1,653.46
USR00703,PRD01296,2024-02-05,4,190.31
USR00703,PRD00129,2025-06-28,3,589.03
USR00703,PRD00319,2022-04-13,3,122.87
USR00197,PRD02529,2025-04-01,1,498.93
USR00523,PRD00533,2021-03-09,4,1272.67
USR00523,PRD01243,2023-02-20,2,1973.0
USR01310,PRD00219,2020-06-14,4,863.2
USR01310,PRD01443,2021-12-12,4,44.17
USR00055,PRD01306,2020-05-11,5,213.03
USR01472,PRD00827,2025-07-06,1,1632.92
USR01472,PRD00240,2021-04-02,5,118.97
USR00657,PRD01169,2021-12-31,3,2491.99
USR00657,PRD01609,2025-05-22,3,837.71
USR00657,PRD00822,2025-04-13,2,1401.1
USR00657,PRD02374,2025-07-25,5,1998.1
USR00657,PRD01354,2021-04-17,4,754.4
USR00920,PRD01892,2020-12-27,1,432.46
USR00920,PRD02879,2020-08-24,1,1001.74
USR00920,PRD00016,2021-02-06,3,1853.78
USR00920,PRD00480,2024-10-19,5,2056.5
USR00920,PRD02692,2022-11-04,3,1737.48
USR00716,PRD01455,2024-05-17,1,1716.64
USR00788,PRD01157,2020-06-23,3,1185.46
USR00788,PRD02118,2025-12-05,1,1607.82
USR00788,PRD02142,2021-08-03,1,1116.5
USR00788,PRD02078,2021-07-23,2,1278.14
USR00788,PRD00533,2021-04-02,2,1272.67
USR00524,PRD00502,2021-11-20,4,854.03
USR00524,PRD02638,2024-12-27,3,1287.16
USR00524,PRD00298,2021-07-25,4,1286.65
USR00524,PRD01133,2024-05-22,4,650.27
USR00524,PRD00435,2023-12-16,1,965.7
USR01419,PRD01392,2025-03-02,5,2421.84
USR01419,PRD00363,2023-10-07,2,2277.98
USR01419,PRD01348,2024-01-28,4,567.35
USR01419,PRD01536,2021-12-09,1,959.78
USR01419,PRD00567,2022-10-20,1,335.33
USR00372,PRD02889,2022-01-02,5,2052.85
USR00372,PRD01552,2025-06-27,4,1232.5
USR01086,PRD02242,2024-10-31,5,1136.52
USR01382,PRD02609,2025-07-16,2,1012.14
USR01382,PRD02387,2022-09-01,3,2434.93
USR01382,PRD01267,2022-04-24,2,1232.36
USR01382,PRD02013,2020-06-12,4,526.75
USR00221,PRD02209,2021-11-02,4,551.49
USR00846,PRD00590,2021-12-20,5,85.71
USR00846,PRD02038,2022-02-16,5,2219.07
USR00846,PRD01873,2020-01-02,2,630.01
USR00846,PRD02929,2023-03-31,2,300.67
USR00846,PRD01631,2023-10-23,1,1762.0
USR00351,PRD01585,2021-01-03,2,2218.48
USR00351,PRD02750,2020-12-31,5,1525.39
USR00351,PRD00024,2020-11-25,3,465.72
USR00351,PRD02673,2024-07-07,3,2090.04
USR00351,PRD01029,2020-04-28,5,2427.22
USR00301,PRD01736,2025-10-14,2,1800.99
USR00301,PRD01026,2025-10-26,4,880.65
USR00301,PRD00515,2024-03-23,3,1967.32
USR00652,PRD02525,2021-06-12,4,1955.9
USR00751,PRD01631,2021-04-18,1,1762.0
USR00751,PRD02795,2024-11-12,5,2375.31
USR00751,PRD00324,2023-04-04,3,689.28
USR00454,PRD01616,2023-02-06,2,1574.5
USR00454,PRD00099,2021-12-22,1,2039.14
USR00454,PRD01825,2020-03-20,1,2006.09
USR00454,PRD02200,2021-08-03,5,778.87
USR00454,PRD01707,2024-12-28,4,2228.6
USR00835,PRD02084,2025-11-11,3,84.9
USR00835,PRD00971,2020-10-17,1,703.45
USR00835,PRD01936,2025-09-21,1,1083.25
USR01156,PRD00190,2022-06-23,3,564.49
USR01156,PRD02695,2022-02-06,3,530.93
USR01156,PRD00870,2023-08-22,1,915.47
USR00118,PRD01199,2021-12-19,3,673.78
USR00118,PRD01687,2023-07-02,3,2038.66
USR00118,PRD01489,2023-06-01,1,852.0
USR00118,PRD00544,2023-11-22,3,2208.16
USR01475,PRD01269,2022-04-13,3,1913.62
USR01475,PRD01292,2021-02-23,5,1044.35
USR01475,PRD00956,2025-08-08,3,507.52
USR01475,PRD00873,2022-01-05,2,704.51
USR00146,PRD00422,2024-10-14,2,652.39
USR00509,PRD02458,2021-06-24,3,328.05
USR00509,PRD02292,2020-11-28,3,1058.58
USR00509,PRD01775,2023-12-06,1,2197.64
USR01084,PRD02723,2023-09-24,5,718.69
USR01084,PRD00562,2024-08-02,3,1472.03
USR01084,PRD00632,2025-06-22,3,1759.48
USR00953,PRD00583,2020-12-25,4,449.64
USR00953,PRD00918,2021-06-29,5,699.37
USR01305,PRD01284,2020-02-13,5,1380.33
USR01305,PRD02442,2020-11-06,3,1409.68
USR01249,PRD02898,2022-01-13,5,1048.29
USR01249,PRD00132,2022-12-02,3,2444.56
USR01249,PRD01541,2025-08-11,1,23.19
USR00089,PRD01600,2023-06-11,4,1694.12
USR00106,PRD02857,2023-06-06,1,980.87
USR00106,PRD00392,2021-04-11,2,1544.48
USR00106,PRD02347,2024-12-17,1,977.03
USR00106,PRD02500,2020-09-18,1,873.8
USR01052,PRD02139,2023-12-13,1,217.92
USR01052,PRD00766,2023-03-20,3,1075.73
USR00147,PRD00475,2023-05-22,5,1164.06
USR00147,PRD02433,2022-02-10,2,1219.09
USR00147,PRD02899,2024-03-25,4,974.29
USR00694,PRD01961,2020-09-27,2,2138.59
USR00694,PRD00156,2025-12-30,3,2014.58
USR00694,PRD01225,2020-04-21,2,433.47
USR00694,PRD02506,2025-06-26,5,1991.79
USR00694,PRD00579,2022-02-18,3,2160.38
USR01024,PRD01027,2020-10-02,1,1441.14
USR01024,PRD01985,2023-07-08,5,1074.74
USR01024,PRD02751,2021-09-26,5,1003.01
USR00288,PRD01187,2022-09-03,3,1982.0
USR00288,PRD01115,2022-11-04,2,1017.36
USR00288,PRD01862,2022-03-12,1,288.35
USR00288,PRD00524,2025-06-28,1,589.97
USR00288,PRD02728,2021-07-25,4,2112.79
USR00447,PRD02868,2024-08-15,5,1148.19
USR00447,PRD01313,2024-02-19,4,1695.18
USR00447,PRD00023,2021-02-08,5,666.95
USR00074,PRD01505,2021-05-11,5,1489.92
USR00776,PRD01641,2022-03-03,2,1868.78
USR00783,PRD00493,2022-02-03,2,168.59
USR00783,PRD01305,2020-02-29,1,806.62
USR00783,PRD00439,2023-09-26,2,2169.0
USR00082,PRD00136,2025-11-13,1,1704.13
USR00082,PRD00829,2023-08-20,2,1848.45
USR00082,PRD01743,2022-05-25,5,1634.8
USR00168,PRD02450,2025-07-05,1,1698.5
USR01145,PRD00674,2022-12-09,3,896.12
USR00781,PRD00968,2025-12-15,5,1040.31
USR00781,PRD02837,2024-01-30,4,1965.69
USR00781,PRD01324,2025-10-11,3,2101.54
USR00781,PRD01731,2020-07-21,5,277.51
USR00887,PRD00233,2022-12-10,4,1483.1
USR00320,PRD00275,2025-11-15,1,302.47
USR00320,PRD01736,2022-01-03,2,1800.99
USR00320,PRD02459,2025-03-04,5,1988.74
USR00320,PRD01762,2024-06-14,2,1032.88
USR00320,PRD01969,2023-03-20,1,123.35
USR00670,PRD00135,2021-08-26,4,839.0
USR00670,PRD00194,2022-03-11,4,2011.43
USR00670,PRD00348,2022-02-22,1,1159.59
USR00172,PRD00381,2024-07-28,2,2071.95
USR00172,PRD01539,2022-04-21,1,1503.29
USR00172,PRD00199,2020-01-17,3,662.86
USR00172,PRD01540,2021-04-08,2,835.25
USR00172,PRD00108,2023-05-09,3,1349.55
USR01304,PRD01720,2025-03-19,5,1382.12
USR01304,PRD02074,2022-01-02,5,1203.34
USR01304,PRD02110,2020-04-08,2,448.56
USR00674,PRD01977,2020-02-13,2,1892.75
USR00674,PRD00177,2020-06-25,3,2105.43
USR00674,PRD01817,2020-11-17,3,1172.8
USR01333,PRD02016,2021-07-14,5,165.74
USR01333,PRD02395,2024-02-02,2,981.61
USR01333,PRD02120,2025-02-09,3,1130.28
USR01333,PRD02316,2022-07-22,3,143.55
USR01333,PRD01749,2025-07-28,4,2107.59
USR00368,PRD00946,2025-12-31,1,966.93
USR00368,PRD01592,2021-11-26,3,1500.18
USR01031,PRD00865,2021-05-03,1,601.85
USR01031,PRD02431,2020-07-05,5,1590.36
USR00317,PRD01713,2023-09-12,4,907.43
USR00317,PRD00567,2024-07-18,1,335.33
USR00317,PRD02669,2025-02-24,4,1597.91
USR00317,PRD02800,2022-08-09,5,458.3
USR00317,PRD01967,2022-05-14,5,1794.23
USR00482,PRD02208,2025-10-04,2,817.16
USR00482,PRD02901,2020-05-12,1,457.1
USR01500,PRD02765,2024-09-15,5,2224.0
USR00343,PRD02504,2024-04-23,1,2345.81
USR00343,PRD02856,2023-09-21,3,1647.43
USR00343,PRD00389,2021-05-27,2,2086.42
USR00343,PRD00564,2024-01-05,1,504.35
USR00343,PRD00985,2024-08-13,3,1702.62
USR00400,PRD01596,2025-04-12,4,1654.91
USR00400,PRD02220,2020-03-15,5,2166.35
USR00400,PRD01267,2023-11-05,1,1232.36
USR00065,PRD02700,2024-03-05,5,682.2
USR00065,PRD02708,2022-04-11,4,1785.14
USR00895,PRD00691,2023-04-21,2,962.41
USR00895,PRD01092,2022-03-05,4,970.61
USR00895,PRD00019,2023-07-09,2,621.6
USR00895,PRD01295,2022-09-26,2,8.27
USR01247,PRD01538,2024-01-24,3,2268.28
USR01247,PRD00405,2024-06-20,3,62.74
USR00086,PRD01234,2023-10-22,1,21.43
USR00086,PRD02181,2020-09-03,1,697.22
USR00086,PRD01569,2021-07-24,5,1959.69
USR00086,PRD02026,2024-10-02,4,728.81
USR01220,PRD00837,2025-06-04,2,1232.53
USR00624,PRD01560,2020-11-30,1,1061.2
USR00242,PRD00685,2023-07-27,4,295.85
USR00242,PRD02388,2022-09-19,3,1721.71
USR00242,PRD00208,2023-02-01,1,2042.36
USR00242,PRD02583,2023-07-11,2,2347.38
USR00405,PRD02629,2023-10-05,4,591.1
USR00405,PRD02989,2025-05-22,3,1899.45
USR00405,PRD00697,2023-01-16,3,727.34
USR00358,PRD00337,2020-01-29,2,80.56
USR00356,PRD01059,2023-04-22,2,1083.37
USR00356,PRD02459,2022-11-09,3,1988.74
USR00527,PRD01895,2021-10-14,5,1797.89
USR00527,PRD00355,2025-05-23,4,1866.59
USR00527,PRD01523,2020-12-06,5,1065.74
USR00625,PRD02404,2020-10-02,3,528.33
USR00625,PRD02250,2020-07-02,4,2465.61
USR00625,PRD00542,2025-09-30,4,922.82
USR00626,PRD00884,2022-03-14,2,983.68
USR00062,PRD01136,2025-05-27,4,2158.3
USR00788,PRD01311,2020-09-12,4,642.45
USR00788,PRD01595,2025-12-11,1,2354.16
USR00788,PRD00986,2025-01-29,4,544.62
USR00788,PRD02981,2020-06-04,2,1965.61
USR00788,PRD00062,2022-12-12,1,132.2
USR01135,PRD02279,2020-09-28,4,2280.28
USR01135,PRD02121,2025-10-27,2,1316.22
USR01135,PRD01876,2024-08-06,4,2117.64
USR01135,PRD01043,2024-02-01,2,2366.79
USR01135,PRD01712,2024-10-19,4,2013.12
USR00626,PRD02356,2025-02-20,2,965.34
USR00794,PRD02433,2022-04-03,1,1219.09
USR00794,PRD00787,2024-01-30,4,1386.67
USR01227,PRD02132,2024-10-28,2,1467.5
USR01227,PRD02649,2023-05-15,1,1297.95
USR01227,PRD00580,2025-10-30,3,1987.99
USR00755,PRD02175,2020-08-19,4,475.17
USR00755,PRD00335,2020-04-09,3,1932.08
USR00755,PRD02267,2021-04-28,4,1055.76
USR01434,PRD01790,2021-07-27,5,1964.77
USR01302,PRD01091,2023-08-24,5,1949.81
USR01377,PRD02269,2022-09-18,2,321.69
USR01377,PRD02450,2020-05-23,2,1698.5
USR01377,PRD02553,2023-11-01,1,2219.7
USR01377,PRD00519,2022-06-11,2,752.95
USR01377,PRD00259,2022-02-04,2,2332.31
USR00236,PRD00821,2021-03-26,4,621.05
USR00236,PRD02688,2023-12-28,3,2065.58
USR00236,PRD01564,2024-04-17,4,505.19
USR00236,PRD01386,2022-03-11,3,636.39
USR00780,PRD01340,2024-08-30,3,1765.77
USR00780,PRD02270,2020-04-27,3,657.97
USR00780,PRD00630,2023-04-14,3,396.59
USR00780,PRD00668,2020-01-02,4,1727.84
USR00780,PRD01843,2021-06-14,1,1348.55
USR01249,PRD02747,2023-03-16,5,874.25
USR01249,PRD02476,2023-11-26,5,2149.13
USR01117,PRD02232,2020-12-14,1,1451.61
USR01117,PRD01247,2025-05-28,3,2094.45
USR01117,PRD02523,2020-12-13,3,1848.21
USR01182,PRD01189,2023-05-02,5,1501.11
USR01182,PRD00464,2023-01-30,4,548.63
USR01182,PRD01561,2023-07-26,2,2369.21
USR00747,PRD00903,2021-06-22,5,376.5
USR00747,PRD02634,2025-08-18,5,733.22
USR00747,PRD02760,2022-08-24,3,1760.78
USR00747,PRD01125,2020-11-15,1,1295.24
USR00132,PRD02554,2023-09-10,5,94.46
USR00132,PRD00580,2022-07-26,1,1987.99
USR00132,PRD01067,2022-09-10,1,2064.7
USR00132,PRD01104,2025-08-19,3,721.73
USR00132,PRD02906,2024-08-11,1,1004.42
USR01320,PRD00809,2020-02-15,2,64.95
USR01320,PRD02838,2021-03-04,1,1620.47
USR01320,PRD00655,2020-05-12,5,931.97
USR00073,PRD00769,2024-03-15,1,1602.17
USR00073,PRD01094,2021-12-12,4,1048.73
USR00073,PRD02716,2021-05-28,5,1698.82
USR01388,PRD00603,2022-02-06,3,1240.13
USR00846,PRD02850,2024-12-05,3,1603.15
USR00846,PRD02703,2023-08-15,2,16.12
USR00405,PRD01238,2022-04-01,4,1048.76
USR00464,PRD01705,2023-02-04,2,919.14
USR00464,PRD01209,2023-08-24,1,258.55
USR00464,PRD02480,2025-10-22,5,1690.43
USR00163,PRD01980,2025-06-01,1,2359.04
USR00163,PRD01053,2023-12-28,5,53.14
USR00163,PRD00754,2024-08-28,2,1382.77
USR00163,PRD02023,2025-03-24,5,1753.99
USR00163,PRD02658,2023-06-19,5,1861.84
USR01031,PRD02119,2023-06-17,5,337.46
USR01031,PRD01868,2022-06-08,4,2468.1
USR01031,PRD02306,2024-07-08,3,156.83
USR00223,PRD02115,2022-05-02,2,1858.75
USR00223,PRD02304,2021-10-05,3,1910.6
USR00223,PRD01477,2022-01-07,4,1065.01
USR01213,PRD00847,2023-08-09,1,987.8
USR01213,PRD00101,2020-03-30,3,1490.83
USR01213,PRD01038,2022-07-08,3,166.36
USR01213,PRD00218,2021-08-14,4,1557.97
USR00782,PRD00768,2023-03-30,5,750.61
USR00782,PRD02475,2024-06-12,4,1437.46
USR00782,PRD00748,2025-01-27,2,524.48
USR00782,PRD01693,2025-05-10,5,633.26
USR01037,PRD01276,2025-09-29,2,743.62
USR01452,PRD01721,2021-05-23,2,755.04
USR01452,PRD00076,2025-08-09,4,1258.82
USR00729,PRD02096,2022-07-09,5,1356.89
USR00729,PRD02040,2021-05-30,2,1607.68
USR00729,PRD01966,2021-05-30,5,400.12
USR00729,PRD01296,2024-06-16,3,190.31
USR00729,PRD02028,2024-02-16,2,1869.91
USR01143,PRD02055,2025-05-06,3,97.17
USR01143,PRD02738,2020-11-28,3,2069.82
USR01041,PRD00640,2020-11-21,3,731.47
USR01041,PRD00197,2023-04-26,2,643.04
USR01041,PRD01745,2020-11-16,5,357.63
USR01041,PRD01671,2025-10-12,3,2137.53
USR01244,PRD02315,2025-06-05,4,2378.9
USR01244,PRD02088,2022-05-02,5,1493.77
USR01244,PRD00190,2023-04-25,4,564.49
USR01244,PRD00213,2025-07-19,4,334.48
USR01244,PRD00327,2025-02-08,4,771.72
USR00697,PRD01314,2025-03-23,4,2067.75
USR00251,PRD00077,2025-10-11,4,347.96
USR00251,PRD02597,2023-06-11,3,1206.28
USR00225,PRD01843,2021-09-12,4,1348.55
USR00225,PRD02559,2024-04-06,4,1040.11
USR00225,PRD01880,2023-07-12,5,413.0
USR00659,PRD00079,2025-03-05,2,2496.45
USR00710,PRD00980,2025-10-28,4,1257.15
USR00883,PRD01360,2023-06-21,3,630.03
USR00883,PRD00289,2022-07-18,4,1436.87
USR00883,PRD00552,2024-04-01,2,838.35
USR00883,PRD01328,2021-12-22,2,2400.75
USR00694,PRD00744,2020-05-20,1,2300.6
USR01376,PRD00248,2020-10-09,5,1864.6
USR01376,PRD01641,2025-05-10,4,1868.78
USR01376,PRD01173,2021-02-04,5,901.27
USR01376,PRD00862,2021-04-06,4,1431.19
USR01376,PRD01750,2020-11-01,4,575.31
USR01219,PRD00666,2022-11-16,2,1475.75
USR01219,PRD02730,2022-02-02,2,22.73
USR01219,PRD00180,2022-10-09,2,1424.59
USR01219,PRD01431,2020-08-22,2,1615.95
USR01219,PRD00159,2020-10-11,1,540.42
USR00423,PRD02922,2022-07-26,5,592.01
USR00423,PRD01897,2025-01-18,5,437.96
USR00423,PRD00340,2021-08-18,3,1712.26
USR00423,PRD00122,2024-04-05,2,725.47
USR00360,PRD00523,2020-09-03,5,850.56
USR01474,PRD01900,2022-08-15,1,2494.12
USR01474,PRD02227,2023-05-26,5,2255.34
USR00195,PRD02754,2024-06-24,5,2127.77
USR00195,PRD00719,2022-03-15,5,2350.76
USR00195,PRD01934,2021-05-22,2,517.53
USR00250,PRD01274,2025-01-29,3,2318.29
USR00402,PRD01810,2025-10-10,4,2140.87
USR00402,PRD02523,2020-01-12,4,1848.21
USR00402,PRD02765,2022-01-13,1,2224.0
USR00402,PRD02434,2022-10-11,1,972.31
USR00402,PRD00418,2024-07-12,1,362.59
USR00178,PRD00826,2025-07-02,4,2375.58
USR00178,PRD01440,2022-09-19,3,386.0
USR00178,PRD01425,2024-10-04,2,2458.69
USR00178,PRD00696,2022-06-28,1,376.3
USR01133,PRD02748,2024-11-18,5,2080.39
USR01133,PRD02051,2024-10-16,5,377.93
USR00141,PRD02754,2021-05-15,5,2127.77
USR00141,PRD01903,2024-12-11,1,1299.59
USR00141,PRD02235,2025-01-16,4,167.32
USR00141,PRD02665,2020-05-28,4,821.0
USR01371,PRD00090,2020-03-11,4,653.46
USR01371,PRD02074,2021-02-20,3,1203.34
USR01371,PRD01779,2025-02-16,5,389.98
USR01371,PRD02247,2022-12-27,4,242.0
USR01371,PRD01219,2023-09-25,2,169.96
USR00571,PRD02664,2022-04-09,5,1965.16
USR00571,PRD00299,2025-12-14,4,160.66
USR00571,PRD02838,2022-09-23,1,1620.47
USR00571,PRD01917,2021-06-24,2,936.89
USR01478,PRD02189,2021-09-13,1,1928.41
USR01478,PRD01779,2021-01-15,3,389.98
USR01478,PRD01059,2025-04-24,4,1083.37
USR01478,PRD00449,2023-06-19,5,547.88
USR01379,PRD02173,2020-01-01,4,879.95
USR01379,PRD01651,2021-09-22,4,755.14
USR01379,PRD02112,2025-09-16,5,2413.3
USR01379,PRD01030,2021-08-20,4,2176.82
USR01379,PRD02189,2022-09-26,4,1928.41
USR00316,PRD02187,2020-11-10,2,1924.71
USR00316,PRD01440,2024-07-08,4,386.0
USR00316,PRD01436,2023-01-02,4,62.03
USR00316,PRD00273,2022-10-12,3,453.8
USR01093,PRD02195,2020-04-24,3,532.02
USR01093,PRD00354,2022-06-22,1,1862.56
USR01366,PRD01664,2023-12-11,1,846.56
USR01366,PRD02621,2020-08-30,2,887.1
USR00456,PRD02912,2020-11-15,3,1526.16
USR01209,PRD00868,2020-10-20,3,499.76
USR01209,PRD02475,2025-10-03,2,1437.46
USR01209,PRD02875,2020-10-27,3,2448.18
USR01209,PRD01175,2020-03-05,5,1131.76
USR01262,PRD00019,2021-10-13,5,621.6
USR01262,PRD02056,2021-05-24,1,2364.79
USR00811,PRD00413,2020-07-24,5,2420.52
USR00811,PRD00489,2023-12-02,3,988.32
USR00811,PRD02876,2020-09-04,2,1105.03
USR00811,PRD01337,2022-01-16,1,20.7
USR00811,PRD02488,2023-08-05,4,2016.02
USR00861,PRD00268,2022-10-13,1,698.6
USR00861,PRD01619,2020-10-14,5,1999.6
USR00861,PRD02003,2021-11-07,5,708.1
USR00172,PRD02897,2020-02-06,5,747.67
USR00172,PRD02471,2023-06-10,4,2090.33
USR00349,PRD02097,2023-03-16,2,710.14
USR00349,PRD02528,2024-09-03,2,1890.55
USR00349,PRD02483,2024-11-27,2,1651.1
USR00349,PRD02029,2023-12-23,2,1533.15
USR00085,PRD01379,2023-09-06,3,1172.96
USR00085,PRD00519,2022-10-05,4,752.95
USR00085,PRD00831,2024-06-15,4,45.11
USR00085,PRD02998,2024-06-08,5,846.62
USR00348,PRD00782,2023-10-08,1,1751.53
USR00348,PRD00832,2022-12-01,1,322.32
USR00348,PRD01401,2023-12-18,2,1379.25
USR00348,PRD01709,2023-08-15,1,109.09
USR00297,PRD01436,2021-11-15,1,62.03
USR00297,PRD00861,2020-10-03,4,49.95
USR00409,PRD00489,2025-12-10,4,988.32
USR00409,PRD02105,2020-02-07,2,2189.72
USR01056,PRD02102,2023-07-11,5,564.11
USR01056,PRD01088,2023-10-21,4,805.3
USR01056,PRD02103,2023-04-25,2,889.28
USR01056,PRD00945,2022-12-23,1,2077.89
USR00659,PRD00775,2025-11-07,3,119.99
USR00659,PRD02790,2024-11-12,5,676.11
USR00951,PRD02009,2022-08-24,1,510.86
USR00951,PRD02097,2023-05-05,4,710.14
USR00951,PRD00926,2025-06-03,1,1523.96
USR00951,PRD01814,2020-09-15,1,591.37
USR00951,PRD00204,2025-09-30,2,202.3
USR01001,PRD00904,2022-06-29,1,1714.43
USR01001,PRD00343,2022-01-11,4,2035.01
USR00710,PRD02645,2023-09-23,2,681.92
USR00710,PRD01040,2020-05-22,4,1192.29
USR00710,PRD01045,2024-05-29,4,2047.52
USR00710,PRD01391,2020-04-15,2,581.01
USR00411,PRD00615,2025-12-20,2,1545.19
USR00411,PRD02083,2021-03-14,4,2284.15
USR00411,PRD00722,2020-07-14,5,2242.86
USR00888,PRD00364,2025-08-14,1,2285.71
USR00888,PRD00913,2023-06-28,4,2115.94
USR01036,PRD00582,2023-08-28,2,1471.64
USR00383,PRD01680,2021-12-21,2,1219.55
USR00383,PRD02271,2025-05-09,4,2298.78
USR00383,PRD02312,2024-08-24,3,2087.02
USR00383,PRD01027,2020-12-25,3,1441.14
USR00383,PRD00919,2020-02-09,5,2438.95
USR00782,PRD02589,2021-12-12,3,295.53
USR00782,PRD02445,2022-12-11,1,1034.41
USR01056,PRD01138,2021-09-26,5,2106.86
USR00097,PRD02852,2025-05-30,2,632.35
USR00097,PRD00397,2022-12-28,4,676.74
USR00097,PRD00112,2022-05-25,2,2292.39
USR00097,PRD02110,2023-01-27,3,448.56
USR00002,PRD00322,2025-02-26,1,409.18
USR00003,PRD02154,2025-10-28,1,392.07
USR00004,PRD01087,2021-09-16,1,2275.64
USR00005,PRD01097,2022-03-23,1,1955.56
USR00006,PRD01329,2025-01-17,1,2154.64
USR00007,PRD00079,2025-06-13,1,2496.45
USR00008,PRD01058,2023-11-15,1,1884.44
USR00009,PRD00455,2025-12-07,1,1927.22
USR00011,PRD01195,2024-01-20,1,730.03
USR00012,PRD01435,2022-04-21,1,1317.8
USR00013,PRD02456,2024-11-01,1,1509.72
USR00016,PRD01626,2025-12-12,1,2071.99
USR00017,PRD02088,2022-02-10,1,1493.77
USR00018,PRD00337,2024-01-30,1,80.56
USR00019,PRD01498,2024-04-26,1,510.48
USR00020,PRD00694,2022-07-27,1,2313.77
USR00021,PRD02529,2024-07-27,1,498.93
USR00022,PRD00986,2022-07-26,1,544.62
USR00023,PRD01907,2022-04-02,1,990.6
USR00024,PRD01996,2021-09-26,1,729.04
USR00026,PRD01309,2025-05-17,1,1498.79
USR00027,PRD01841,2023-06-29,1,907.45
USR00031,PRD00806,2021-02-06,1,505.15
USR00032,PRD01792,2022-04-22,1,280.61
USR00033,PRD02257,2023-02-05,1,207.48
USR00035,PRD01488,2024-07-27,1,805.97
USR00036,PRD02926,2023-02-21,1,2327.97
USR00037,PRD00279,2024-10-07,1,378.39
USR00038,PRD02407,2025-10-31,1,1172.95
USR00039,PRD00167,2024-01-11,1,2121.45
USR00041,PRD00234,2023-03-04,1,2028.95
USR00042,PRD00961,2024-07-18,1,713.8
USR00044,PRD01256,2021-11-26,1,507.54
USR00045,PRD02914,2022-12-03,1,2489.09
USR00046,PRD02246,2023-08-29,1,101.54
USR00047,PRD02479,2023-08-19,1,2218.37
USR00049,PRD01798,2021-11-29,1,1615.16
USR00052,PRD01543,2022-01-03,1,222.97
USR00053,PRD01405,2024-08-08,1,426.61
USR00054,PRD02007,2023-05-02,1,1624.28
USR00056,PRD00637,2021-09-28,1,1045.87
USR00057,PRD02325,2023-10-21,1,828.1
USR00058,PRD02055,2021-11-29,1,97.17
USR00059,PRD01144,2023-11-17,1,1349.14
USR00060,PRD02483,2025-07-26,1,1651.1
USR00063,PRD00374,2024-02-01,1,1514.58
USR00064,PRD00564,2022-09-07,1,504.35
USR00066,PRD01324,2023-01-13,1,2101.54
USR00067,PRD00931,2025-01-04,1,857.66
USR00069,PRD01819,2021-12-18,1,847.2
USR00070,PRD01152,2025-05-02,1,1092.37
USR00071,PRD00631,2021-03-21,1,45.63
USR00075,PRD00228,2024-06-01,1,682.53
USR00077,PRD00673,2024-11-02,1,1860.42
USR00078,PRD02919,2024-05-10,1,2123.44
USR00079,PRD02454,2023-04-27,1,1411.63
USR00080,PRD02591,2024-08-12,1,1692.59
USR00081,PRD02697,2024-05-28,1,125.37
USR00083,PRD01413,2021-11-16,1,1666.28
USR00084,PRD02205,2021-01-13,1,30.56
USR00087,PRD02047,2021-03-18,1,661.97
USR00088,PRD01977,2025-01-28,1,1892.75
USR00091,PRD02717,2025-09-20,1,2277.66
USR00092,PRD01877,2021-05-22,1,74.08
USR00093,PRD02133,2023-12-09,1,1661.18
USR00094,PRD00377,2022-11-29,1,1725.22
USR00095,PRD02171,2022-10-08,1,1290.46
USR00096,PRD02226,2024-12-21,1,1013.82
USR00098,PRD02821,2024-12-25,1,1401.1
USR00099,PRD00674,2021-10-30,1,896.12
USR00100,PRD01884,2024-04-18,1,632.7
USR00101,PRD02864,2022-02-26,1,474.75
USR00102,PRD01482,2023-03-27,1,2345.7
USR00104,PRD00587,2022-11-18,1,1906.41
USR00105,PRD01467,2024-04-24,1,110.02
USR00108,PRD00383,2023-05-13,1,841.38
USR00109,PRD01358,2022-09-26,1,358.03
USR00110,PRD00785,2022-06-22,1,1539.27
USR00112,PRD02511,2025-02-06,1,1194.88
USR00113,PRD01666,2023-08-06,1,309.01
USR00114,PRD00237,2024-06-08,1,1189.04
USR00115,PRD02710,2023-10-03,1,1413.84
USR00116,PRD00939,2023-11-04,1,306.95
USR00117,PRD02489,2022-02-25,1,683.92
USR00119,PRD02589,2024-03-20,1,295.53
USR00120,PRD00391,2024-10-01,1,2278.87
USR00121,PRD00376,2025-04-13,1,1811.78
USR00123,PRD00617,2025-07-08,1,167.82
USR00124,PRD02096,2021-07-08,1,1356.89
USR00125,PRD00426,2021-02-09,1,907.21
USR00126,PRD00451,2024-02-22,1,2282.62
USR00127,PRD00132,2025-07-21,1,2444.56
USR00128,PRD00355,2022-04-24,1,1866.59
USR00129,PRD02759,2023-11-15,1,1063.75
USR00130,PRD02628,2024-08-20,1,1035.94
USR00133,PRD00167,2023-01-12,1,2121.45
USR00134,PRD02631,2021-10-19,1,1390.33
USR00139,PRD00064,2023-05-02,1,1828.74
USR00140,PRD00794,2022-11-28,1,2298.78
USR00143,PRD02030,2021-10-10,1,975.21
USR00144,PRD02704,2022-07-12,1,1969.88
USR00145,PRD01014,2022-08-25,1,539.73
USR00148,PRD01102,2021-03-06,1,1531.87
USR00149,PRD01037,2025-10-19,1,1525.73
USR00150,PRD02884,2024-01-05,1,462.35
USR00152,PRD02305,2021-03-03,1,1926.51
USR00154,PRD00731,2021-07-02,1,569.92
USR00155,PRD01844,2025-09-05,1,1266.92
USR00156,PRD01824,2021-12-27,1,2297.8
USR00157,PRD00245,2023-07-26,1,1425.43
USR00159,PRD01157,2025-10-26,1,1185.46
USR00160,PRD01228,2023-09-16,1,2441.98
USR00161,PRD00535,2025-10-20,1,2121.16
USR00162,PRD02687,2025-02-21,1,1216.66
USR00164,PRD00574,2023-08-29,1,1243.34
USR00165,PRD01782,2024-09-04,1,1745.97
USR00166,PRD01059,2022-05-23,1,1083.37
USR00167,PRD02346,2021-05-15,1,1703.5
USR00169,PRD00457,2023-08-26,1,742.61
USR00170,PRD00740,2021-12-07,1,726.87
USR00171,PRD02298,2022-04-20,1,1545.09
USR00173,PRD01827,2022-10-30,1,1873.13
USR00177,PRD00491,2024-03-31,1,148.54
USR00179,PRD02189,2024-12-02,1,1928.41
USR00180,PRD02886,2024-12-07,1,2280.51
USR00181,PRD00552,2025-08-21,1,838.35
USR00182,PRD02613,2025-06-26,1,1432.57
USR00183,PRD02688,2024-08-01,1,2065.58
USR00184,PRD02090,2025-04-10,1,1471.96
USR00185,PRD01845,2021-01-17,1,1701.62
USR00186,PRD01044,2023-12-19,1,2485.3
USR00188,PRD01343,2024-05-09,1,264.48
USR00189,PRD01422,2024-05-28,1,433.72
USR00191,PRD00816,2023-12-16,1,1374.54
USR00193,PRD02311,2023-10-17,1,1081.84
USR00194,PRD02260,2023-09-04,1,410.39
USR00198,PRD00620,2025-05-25,1,2398.7
USR00199,PRD01537,2021-08-04,1,965.6
USR00201,PRD02492,2025-10-07,1,2228.55
USR00202,PRD01773,2024-04-03,1,1553.38
USR00203,PRD01984,2025-02-27,1,1815.88
USR00204,PRD00302,2025-01-15,1,2205.63
USR00205,PRD01637,2023-12-19,1,1745.66
USR00206,PRD01827,2024-12-10,1,1873.13
USR00208,PRD02033,2025-12-01,1,1598.54
USR00210,PRD01409,2022-06-27,1,606.59
USR00211,PRD02983,2021-08-31,1,1730.57
USR00212,PRD00352,2023-11-23,1,2219.33
USR00213,PRD01207,2025-03-12,1,2062.77
USR00214,PRD02044,2023-03-23,1,1210.84
USR00215,PRD00685,2024-04-28,1,295.85
USR00216,PRD01814,2024-09-05,1,591.37
USR00218,PRD01062,2024-03-19,1,978.9
USR00220,PRD01032,2024-07-03,1,1213.97
USR00222,PRD01836,2025-03-04,1,821.39
USR00224,PRD02501,2021-07-10,1,2182.41
USR00226,PRD01664,2025-01-15,1,846.56
USR00227,PRD00480,2023-09-17,1,2056.5
USR00228,PRD00328,2025-04-30,1,430.95
USR00231,PRD00001,2022-01-02,1,846.53
USR00233,PRD02867,2023-06-17,1,624.59
USR00234,PRD01761,2025-07-19,1,853.01
USR00235,PRD02646,2022-05-19,1,2023.6
USR00237,PRD00062,2024-04-23,1,132.2
USR00239,PRD00207,2021-08-17,1,965.09
USR00240,PRD02578,2025-05-11,1,473.88
USR00241,PRD01470,2023-09-26,1,2491.62
USR00243,PRD00925,2025-02-04,1,2482.92
USR00244,PRD00042,2022-08-27,1,1542.26
USR00245,PRD01469,2021-10-31,1,270.01
USR00247,PRD00770,2021-06-18,1,708.55
USR00249,PRD02413,2021-07-24,1,376.04
USR00252,PRD00824,2022-06-09,1,641.34
USR00253,PRD02714,2022-03-07,1,1151.12
USR00254,PRD02983,2023-09-25,1,1730.57
USR00255,PRD01285,2025-08-01,1,285.62
USR00256,PRD01984,2022-08-17,1,1815.88
USR00257,PRD01678,2025-10-01,1,1105.32
USR00258,PRD02008,2025-08-27,1,651.65
USR00259,PRD01537,2023-02-17,1,965.6
USR00260,PRD01307,2025-07-12,1,2251.64
USR00262,PRD01230,2021-10-26,1,263.01
USR00263,PRD00251,2025-12-21,1,1810.25
USR00264,PRD02474,2024-01-01,1,2131.4
USR00265,PRD01636,2023-02-13,1,1668.6
USR00266,PRD01605,2025-07-07,1,2472.28
USR00267,PRD01168,2022-12-06,1,36.48
USR00269,PRD00248,2023-06-19,1,1864.6
USR00270,PRD00149,2023-10-11,1,1312.42
USR00271,PRD00806,2021-08-21,1,505.15
USR00273,PRD02104,2021-05-09,1,1426.68
USR00274,PRD01256,2022-07-04,1,507.54
USR00275,PRD02954,2021-11-30,1,470.97
USR00276,PRD00294,2021-02-23,1,1873.59
USR00277,PRD00652,2024-10-08,1,1254.65
USR00279,PRD00002,2024-04-20,1,326.6
USR00280,PRD00154,2024-07-15,1,2256.27
USR00281,PRD00370,2023-03-23,1,2178.57
USR00283,PRD01939,2022-08-13,1,423.48
USR00284,PRD01255,2022-03-06,1,6.4
USR00285,PRD01560,2024-12-02,1,1061.2
USR00286,PRD00367,2024-06-20,1,1219.08
USR00287,PRD00923,2022-10-28,1,2325.0
USR00289,PRD00814,2023-12-06,1,1308.49
USR00290,PRD01321,2023-11-16,1,648.67
USR00291,PRD00522,2022-08-29,1,1722.09
USR00292,PRD00053,2023-06-02,1,164.87
USR00293,PRD02132,2022-11-30,1,1467.5
USR00295,PRD02274,2024-02-25,1,1603.71
USR00296,PRD02369,2024-08-27,1,248.78
USR00298,PRD00854,2024-11-18,1,1121.63
USR00299,PRD02131,2025-02-06,1,448.87
USR00300,PRD00367,2024-10-28,1,1219.08
USR00302,PRD00829,2022-11-16,1,1848.45
USR00304,PRD00573,2025-07-16,1,2126.8
USR00305,PRD01039,2023-04-01,1,850.94
USR00306,PRD00754,2024-11-14,1,1382.77
USR00307,PRD01116,2023-06-20,1,1838.69
USR00310,PRD00168,2022-01-16,1,1148.9
USR00311,PRD00275,2024-10-16,1,302.47
USR00312,PRD01972,2025-08-06,1,1107.08
USR00313,PRD01838,2021-04-29,1,235.99
USR00314,PRD00527,2022-11-10,1,1888.77
USR00315,PRD00829,2024-01-22,1,1848.45
USR00318,PRD02868,2022-05-06,1,1148.19
USR00321,PRD02784,2023-05-25,1,1734.13
USR00323,PRD02967,2024-04-04,1,63.73
USR00324,PRD02039,2025-05-05,1,630.25
USR00325,PRD01849,2024-04-28,1,1500.74
USR00327,PRD00410,2025-10-03,1,2013.28
USR00329,PRD00070,2024-05-09,1,1474.16
USR00330,PRD02471,2022-01-05,1,2090.33
USR00332,PRD02711,2021-09-29,1,2330.62
USR00333,PRD00037,2024-02-24,1,692.28
USR00335,PRD02466,2023-03-19,1,413.03
USR00336,PRD02345,2023-01-17,1,495.38
USR00338,PRD02080,2025-06-15,1,2276.16
USR00339,PRD02979,2021-11-28,1,649.13
USR00340,PRD02577,2023-01-15,1,2443.78
USR00341,PRD00258,2023-08-25,1,972.78
USR00342,PRD02884,2022-07-31,1,462.35
USR00344,PRD02547,2021-08-03,1,332.21
USR00345,PRD01089,2023-01-28,1,28.43
USR00346,PRD01498,2024-03-14,1,510.48
USR00347,PRD00694,2023-01-02,1,2313.77
USR00353,PRD00784,2025-02-19,1,1166.36
USR00354,PRD01222,2023-05-04,1,1905.22
USR00355,PRD00039,2022-11-15,1,409.07
USR00359,PRD02217,2025-01-25,1,2112.92
USR00362,PRD02709,2021-07-22,1,1705.14
USR00363,PRD00387,2025-12-08,1,107.93
USR00364,PRD02421,2022-10-06,1,510.33
USR00365,PRD00568,2022-03-31,1,1554.61
USR00366,PRD02965,2023-04-24,1,287.24
USR00367,PRD00444,2022-05-02,1,1369.84
USR00370,PRD02012,2025-03-27,1,1664.41
USR00371,PRD01799,2022-10-10,1,509.41
USR00373,PRD00990,2022-09-03,1,1687.42
USR00374,PRD00750,2022-06-12,1,1660.03
USR00375,PRD01441,2025-09-04,1,1493.44
USR00376,PRD02513,2025-04-22,1,715.75
USR00378,PRD00339,2021-10-31,1,884.8
USR00379,PRD01463,2025-06-13,1,141.72
USR00380,PRD01023,2024-12-31,1,2426.98
USR00382,PRD01555,2023-12-30,1,2414.22
USR00384,PRD01410,2024-01-26,1,606.73
USR00385,PRD01734,2024-11-03,1,313.62
USR00386,PRD01097,2025-07-15,1,1955.56
USR00388,PRD00812,2022-01-30,1,545.76
USR00389,PRD00469,2021-09-01,1,1762.64
USR00390,PRD01097,2025-07-28,1,1955.56
USR00391,PRD01530,2025-06-10,1,299.84
USR00392,PRD02475,2022-03-24,1,1437.46
USR00393,PRD02363,2024-11-22,1,1762.39
USR00394,PRD00582,2024-12-16,1,1471.64
USR00395,PRD02809,2021-04-30,1,1495.55
USR00397,PRD02578,2025-11-10,1,473.88
USR00398,PRD02030,2023-09-07,1,975.21
USR00399,PRD00254,2023-12-17,1,112.06
USR00403,PRD00807,2024-05-14,1,2043.68
USR00404,PRD01493,2025-09-18,1,2190.5
USR00406,PRD02688,2022-07-20,1,2065.58
USR00407,PRD00025,2023-06-04,1,594.54
USR00408,PRD01012,2022-10-23,1,872.25
USR00412,PRD00400,2023-02-08,1,1277.1
USR00413,PRD00119,2024-06-28,1,1780.67
USR00415,PRD02081,2022-09-29,1,962.78
USR00416,PRD00374,2024-07-27,1,1514.58
USR00417,PRD01032,2023-01-18,1,1213.97
USR00418,PRD02829,2022-06-04,1,841.2
USR00420,PRD02286,2022-01-23,1,2357.47
USR00421,PRD00215,2025-02-24,1,1624.45
USR00422,PRD00808,2024-01-11,1,1249.42
USR00424,PRD01786,2021-05-07,1,1094.47
USR00425,PRD01734,2022-10-27,1,313.62
USR00429,PRD02877,2023-02-06,1,826.57
USR00430,PRD00359,2021-10-19,1,1242.99
USR00431,PRD02195,2021-08-29,1,532.02
USR00433,PRD00539,2021-05-22,1,1146.57
USR00434,PRD02162,2022-07-11,1,2340.38
USR00435,PRD00237,2023-09-24,1,1189.04
USR00436,PRD01591,2023-04-11,1,1204.43
USR00437,PRD02027,2022-05-27,1,1910.7
USR00438,PRD02880,2024-03-12,1,226.12
USR00439,PRD00130,2022-08-22,1,2008.11
USR00440,PRD02343,2021-01-28,1,975.74
USR00441,PRD01834,2024-01-26,1,2345.99
USR00442,PRD00725,2022-09-18,1,2448.13
USR00444,PRD00899,2022-02-02,1,1488.14
USR00446,PRD01645,2025-08-08,1,530.99
USR00448,PRD00512,2023-04-05,1,2412.9
USR00450,PRD00008,2025-02-16,1,2298.51
USR00451,PRD01742,2025-10-11,1,1088.8
USR00452,PRD00817,2021-05-08,1,1320.15
USR00453,PRD00716,2023-01-11,1,2309.89
USR00458,PRD02262,2025-07-25,1,1494.79
USR00459,PRD00976,2023-03-06,1,1610.16
USR00463,PRD02942,2023-02-23,1,1212.75
USR00466,PRD02252,2021-11-03,1,1191.02
USR00467,PRD02756,2022-08-06,1,1055.12
USR00468,PRD00232,2023-03-02,1,1073.16
USR00469,PRD00860,2025-02-21,1,678.08
USR00470,PRD02122,2024-07-15,1,478.06
USR00471,PRD00949,2025-08-22,1,1959.69
USR00472,PRD01171,2025-01-27,1,73.61
USR00474,PRD01779,2023-05-19,1,389.98
USR00475,PRD00272,2021-08-09,1,902.6
USR00476,PRD02005,2022-08-11,1,1638.46
USR00477,PRD02554,2025-09-12,1,94.46
USR00478,PRD01480,2022-04-11,1,766.1
USR00479,PRD02152,2023-06-24,1,628.04
USR00480,PRD01655,2023-08-03,1,814.66
USR00484,PRD02332,2023-12-08,1,2205.51
USR00485,PRD02435,2023-07-13,1,401.83
USR00486,PRD02583,2023-04-21,1,2347.38
USR00490,PRD01241,2022-08-04,1,1532.48
USR00491,PRD00849,2022-04-18,1,2448.8
USR00492,PRD00362,2024-12-10,1,870.06
USR00494,PRD00681,2022-10-04,1,673.0
USR00497,PRD01130,2023-09-29,1,322.97
USR00498,PRD02764,2023-02-07,1,2147.34
USR00499,PRD01559,2021-02-06,1,2491.31
USR00500,PRD02260,2021-02-17,1,410.39
USR00501,PRD00085,2023-07-18,1,1558.26
USR00502,PRD02530,2022-04-05,1,2312.56
USR00503,PRD02787,2023-08-21,1,1860.31
USR00504,PRD01622,2021-12-13,1,361.0
USR00507,PRD00742,2022-08-05,1,1387.5
USR00508,PRD00504,2022-09-22,1,997.76
USR00510,PRD02562,2021-05-29,1,673.64
USR00511,PRD02532,2024-01-09,1,2337.9
USR00512,PRD02942,2021-08-04,1,1212.75
USR00514,PRD02997,2021-04-22,1,303.95
USR00515,PRD00604,2022-10-06,1,777.44
USR00517,PRD00070,2023-10-08,1,1474.16
USR00518,PRD02194,2025-05-28,1,102.55
USR00519,PRD01313,2022-01-21,1,1695.18
USR00520,PRD01800,2022-03-16,1,1362.24
USR00521,PRD02920,2025-05-10,1,1334.48
USR00525,PRD02594,2022-05-04,1,1106.38
USR00526,PRD01336,2021-01-10,1,2362.13
USR00530,PRD00748,2025-04-22,1,524.48
USR00531,PRD00052,2023-06-04,1,2057.35
USR00532,PRD01953,2025-01-20,1,173.1
USR00533,PRD02787,2021-11-10,1,1860.31
USR00535,PRD00825,2024-10-04,1,1069.04
USR00536,PRD02244,2025-05-20,1,135.02
USR00537,PRD00540,2023-07-18,1,1796.32
USR00538,PRD02167,2021-08-04,1,1432.49
USR00539,PRD01044,2023-05-02,1,2485.3
USR00541,PRD02446,2023-03-06,1,20.86
USR00542,PRD02002,2023-02-12,1,1900.26
USR00543,PRD01923,2021-06-13,1,363.04
USR00544,PRD01223,2024-03-08,1,190.59
USR00545,PRD02157,2022-05-17,1,1662.15
USR00546,PRD02260,2023-03-25,1,410.39
USR00547,PRD01259,2024-02-03,1,1304.57
USR00548,PRD02239,2025-10-03,1,1549.71
USR00549,PRD01937,2023-12-03,1,2038.34
USR00552,PRD02823,2025-08-14,1,1866.97
USR00554,PRD02638,2023-11-05,1,1287.16
USR00555,PRD02787,2024-08-12,1,1860.31
USR00556,PRD01974,2024-12-17,1,1643.09
USR00557,PRD00803,2023-11-04,1,1746.8
USR00558,PRD00265,2025-09-25,1,1560.9
USR00559,PRD00639,2024-03-06,1,640.64
USR00560,PRD01093,2023-02-09,1,2080.73
USR00561,PRD01507,2023-10-02,1,1980.6
USR00562,PRD01707,2024-09-14,1,2228.6
USR00563,PRD00141,2024-08-14,1,185.86
USR00564,PRD00556,2022-07-14,1,1885.98
USR00565,PRD02420,2021-07-14,1,105.06
USR00566,PRD00522,2022-09-24,1,1722.09
USR00567,PRD01674,2024-03-04,1,2391.7
USR00568,PRD00090,2021-12-02,1,653.46
USR00569,PRD01502,2024-05-15,1,1390.84
USR00570,PRD02710,2023-02-20,1,1413.84
USR00572,PRD02191,2021-06-29,1,655.71
USR00573,PRD01779,2023-05-22,1,389.98
USR00574,PRD01239,2021-01-20,1,12.04
USR00575,PRD00331,2023-09-25,1,1608.13
USR00576,PRD01094,2024-01-27,1,1048.73
USR00578,PRD02403,2021-04-28,1,15.94
USR00580,PRD02432,2024-12-04,1,1312.47
USR00581,PRD00169,2021-08-25,1,2463.49
USR00582,PRD02911,2022-03-25,1,2467.32
USR00583,PRD00098,2024-10-30,1,1910.7
USR00584,PRD00756,2024-02-20,1,935.7
USR00585,PRD01984,2024-11-13,1,1815.88
USR00586,PRD02085,2022-04-09,1,895.46
USR00587,PRD00806,2021-11-26,1,505.15
USR00588,PRD02647,2021-05-06,1,1763.63
USR00589,PRD01746,2025-08-12,1,745.14
USR00590,PRD02657,2024-09-10,1,2255.58
USR00591,PRD01798,2024-12-12,1,1615.16
USR00592,PRD00356,2022-09-22,1,2396.52
USR00593,PRD01748,2025-11-21,1,1966.96
USR00594,PRD02827,2023-09-10,1,680.28
USR00595,PRD02567,2025-09-30,1,1570.1
USR00596,PRD00253,2022-01-29,1,721.23
USR00597,PRD00383,2021-09-29,1,841.38
USR00598,PRD02094,2023-04-21,1,185.39
USR00599,PRD02445,2025-07-02,1,1034.41
USR00600,PRD00347,2024-11-07,1,824.84
USR00601,PRD01019,2025-03-09,1,528.12
USR00605,PRD00581,2021-09-08,1,1674.35
USR00606,PRD01147,2023-10-11,1,201.35
USR00607,PRD01401,2025-10-13,1,1379.25
USR00609,PRD00680,2022-12-10,1,1774.0
USR00610,PRD00744,2024-11-22,1,2300.6
USR00611,PRD02099,2022-09-12,1,406.1
USR00612,PRD00928,2025-01-06,1,196.77
USR00613,PRD02201,2023-05-25,1,1972.33
USR00614,PRD00800,2025-09-27,1,1877.98
USR00615,PRD00760,2025-10-26,1,2179.61
USR00616,PRD00585,2021-12-09,1,807.63
USR00617,PRD00291,2023-09-14,1,1341.78
USR00618,PRD00237,2024-10-03,1,1189.04
USR00620,PRD01431,2021-04-09,1,1615.95
USR00623,PRD01811,2022-11-14,1,1432.47
USR00627,PRD01888,2025-02-05,1,670.09
USR00629,PRD02265,2021-01-17,1,78.89
USR00630,PRD01094,2023-09-16,1,1048.73
USR00631,PRD02310,2024-08-10,1,1295.81
USR00633,PRD02424,2022-07-10,1,350.83
USR00634,PRD00265,2021-11-22,1,1560.9
USR00635,PRD01547,2022-07-01,1,1706.74
USR00636,PRD00524,2024-02-15,1,589.97
USR00637,PRD02140,2023-06-18,1,1985.17
USR00638,PRD02323,2023-07-15,1,103.61
USR00639,PRD00212,2023-01-23,1,2174.89
USR00641,PRD00967,2021-10-21,1,1898.93
USR00643,PRD01724,2025-05-07,1,1644.88
USR00644,PRD02106,2025-04-28,1,2483.08
USR00645,PRD01577,2023-04-29,1,335.77
USR00646,PRD01903,2024-05-07,1,1299.59
USR00647,PRD00249,2021-08-14,1,2320.37
USR00648,PRD01698,2023-11-24,1,1954.77
USR00650,PRD02854,2023-03-03,1,1118.31
USR00653,PRD02830,2021-08-05,1,2478.54
USR00654,PRD02228,2021-07-24,1,557.91
USR00655,PRD02892,2022-07-02,1,1837.79
USR00658,PRD01918,2023-02-17,1,2303.26
USR00661,PRD00565,2021-10-05,1,747.24
USR00662,PRD00689,2021-06-27,1,2036.56
USR00663,PRD01066,2025-04-14,1,217.89
USR00665,PRD01859,2024-10-10,1,1590.83
USR00666,PRD00323,2021-07-30,1,682.1
USR00667,PRD02358,2023-01-04,1,884.49
USR00668,PRD00530,2023-04-18,1,88.0
USR00669,PRD01626,2022-12-14,1,2071.99
USR00671,PRD00769,2022-02-16,1,1602.17
USR00673,PRD00107,2023-03-15,1,1911.57
USR00675,PRD01803,2025-11-06,1,1033.11
USR00676,PRD01854,2025-04-29,1,1580.94
USR00677,PRD00897,2024-06-22,1,2159.15
USR00678,PRD02995,2022-10-24,1,1453.03
USR00679,PRD01165,2022-06-10,1,2290.68
USR00680,PRD01950,2025-03-05,1,206.97
USR00681,PRD01361,2022-12-29,1,795.88
USR00682,PRD01734,2023-11-24,1,313.62
USR00683,PRD02751,2021-10-08,1,1003.01
USR00684,PRD01344,2025-10-11,1,1321.47
USR00685,PRD01064,2021-11-19,1,1225.63
USR00686,PRD01919,2024-10-05,1,430.48
USR00687,PRD01985,2025-11-14,1,1074.74
USR00688,PRD00511,2025-12-08,1,340.5
USR00689,PRD02304,2025-04-09,1,1910.6
USR00690,PRD01369,2024-08-26,1,217.26
USR00691,PRD01284,2021-06-09,1,1380.33
USR00692,PRD01765,2023-12-28,1,1974.95
USR00693,PRD02749,2023-08-15,1,1760.2
USR00695,PRD01994,2021-03-24,1,1700.06
USR00696,PRD00066,2021-05-11,1,2431.44
USR00698,PRD02280,2022-07-14,1,427.03
USR00701,PRD02235,2022-07-29,1,167.32
USR00702,PRD01465,2023-06-01,1,1606.82
USR00704,PRD01203,2024-07-05,1,263.9
USR00705,PRD02115,2024-11-20,1,1858.75
USR00706,PRD00148,2022-04-04,1,1661.65
USR00707,PRD01514,2023-04-07,1,304.76
USR00709,PRD01794,2025-02-20,1,1005.17
USR00711,PRD01739,2021-08-25,1,2021.7
USR00713,PRD00303,2022-12-10,1,2208.77
USR00714,PRD01707,2022-08-06,1,2228.6
USR00715,PRD00228,2022-10-11,1,682.53
USR00717,PRD02204,2023-10-06,1,533.24
USR00719,PRD00868,2022-09-29,1,499.76
USR00720,PRD00733,2021-11-29,1,2272.23
USR00721,PRD02844,2022-01-05,1,1799.43
USR00722,PRD01472,2022-01-23,1,493.19
USR00723,PRD02193,2023-03-13,1,1962.73
USR00724,PRD00471,2024-10-03,1,2076.18
USR00725,PRD02172,2021-09-11,1,321.45
USR00726,PRD01824,2025-04-24,1,2297.8
USR00727,PRD01010,2021-09-07,1,1588.24
USR00728,PRD01031,2022-04-11,1,656.73
USR00730,PRD00212,2024-06-23,1,2174.89
USR00731,PRD00144,2025-01-31,1,1158.63
USR00732,PRD00712,2021-04-13,1,1564.63
USR00733,PRD01642,2023-11-11,1,1828.4
USR00734,PRD00313,2024-02-08,1,693.12
USR00736,PRD00887,2023-05-27,1,704.59
USR00737,PRD02471,2021-09-02,1,2090.33
USR00738,PRD00531,2022-05-28,1,993.91
USR00739,PRD02126,2024-07-01,1,2484.19
USR00740,PRD02765,2023-08-01,1,2224.0
USR00741,PRD00408,2024-10-03,1,2226.34
USR00745,PRD01004,2025-04-13,1,81.04
USR00746,PRD02020,2022-03-16,1,748.65
USR00749,PRD02300,2024-01-18,1,312.64
USR00752,PRD02005,2024-11-16,1,1638.46
USR00753,PRD00630,2022-05-28,1,396.59
USR00754,PRD02567,2021-04-04,1,1570.1
USR00756,PRD02842,2025-05-29,1,542.55
USR00757,PRD00131,2025-06-04,1,2358.45
USR00758,PRD00565,2022-09-04,1,747.24
USR00759,PRD00991,2021-11-14,1,2377.41
USR00760,PRD01053,2021-01-13,1,53.14
USR00761,PRD01405,2021-03-16,1,426.61
USR00762,PRD02822,2025-05-17,1,675.85
USR00763,PRD01090,2024-03-24,1,116.29
USR00764,PRD00354,2021-07-23,1,1862.56
USR00765,PRD01022,2025-06-08,1,1751.55
USR00766,PRD02181,2021-04-08,1,697.22
USR00767,PRD02222,2021-05-27,1,1326.1
USR00769,PRD02630,2024-02-13,1,2218.94
USR00770,PRD00325,2022-04-21,1,296.49
USR00772,PRD01937,2024-03-17,1,2038.34
USR00773,PRD01912,2024-10-28,1,1515.08
USR00775,PRD02631,2025-10-06,1,1390.33
USR00778,PRD00614,2022-07-30,1,651.4
USR00784,PRD02569,2025-06-19,1,1881.44
USR00786,PRD00282,2023-07-08,1,1916.06
USR00789,PRD01043,2022-01-10,1,2366.79
USR00791,PRD00531,2024-09-22,1,993.91
USR00792,PRD01696,2025-12-13,1,1105.88
USR00793,PRD01299,2022-06-02,1,11.89
USR00795,PRD02293,2024-01-01,1,1640.73
USR00799,PRD01407,2021-08-20,1,2209.41
USR00801,PRD00220,2021-08-07,1,1749.78
USR00802,PRD00005,2025-12-12,1,1203.92
USR00804,PRD00518,2021-05-10,1,2200.6
USR00805,PRD02665,2025-03-18,1,821.0
USR00807,PRD00467,2025-06-16,1,1942.4
USR00808,PRD00904,2024-09-30,1,1714.43
USR00809,PRD00832,2022-07-05,1,322.32
USR00810,PRD00167,2023-07-12,1,2121.45
USR00813,PRD02072,2021-05-10,1,10.05
USR00814,PRD01083,2022-01-03,1,1929.86
USR00815,PRD01760,2024-10-10,1,1170.35
USR00817,PRD01627,2022-05-22,1,2301.46
USR00818,PRD00705,2023-10-04,1,643.96
USR00819,PRD01287,2024-03-06,1,718.75
USR00820,PRD00769,2025-12-29,1,1602.17
USR00821,PRD01083,2023-11-17,1,1929.86
USR00822,PRD01941,2022-10-19,1,1874.1
USR00823,PRD01494,2024-10-27,1,2326.75
USR00824,PRD00981,2022-10-30,1,1007.47
USR00825,PRD02720,2022-12-04,1,149.67
USR00826,PRD02532,2023-10-13,1,2337.9
USR00827,PRD02210,2025-05-04,1,2320.06
USR00828,PRD01833,2024-07-17,1,689.17
USR00829,PRD02840,2025-02-03,1,266.27
USR00830,PRD02384,2024-04-12,1,1067.71
USR00831,PRD01785,2022-05-13,1,1960.92
USR00832,PRD00652,2022-04-26,1,1254.65
USR00833,PRD02137,2025-09-17,1,1113.47
USR00836,PRD01792,2023-05-24,1,280.61
USR00838,PRD01232,2021-12-19,1,1168.51
USR00839,PRD02340,2023-07-25,1,1148.44
USR00840,PRD02714,2025-12-03,1,1151.12
USR00841,PRD01069,2024-07-14,1,613.36
USR00842,PRD00638,2021-11-14,1,1018.85
USR00843,PRD01150,2022-09-29,1,2397.19
USR00845,PRD00368,2025-11-06,1,1888.67
USR00847,PRD02956,2023-06-28,1,1283.53
USR00848,PRD01435,2022-03-01,1,1317.8
USR00849,PRD02448,2024-11-26,1,2054.25
USR00850,PRD01739,2025-10-14,1,2021.7
USR00851,PRD01977,2023-08-14,1,1892.75
USR00852,PRD01483,2022-03-26,1,341.2
USR00853,PRD01691,2021-10-11,1,245.19
USR00854,PRD00489,2025-03-20,1,988.32
USR00855,PRD00032,2021-10-18,1,1431.85
USR00856,PRD01987,2022-04-12,1,822.81
USR00858,PRD01374,2024-02-03,1,1532.07
USR00859,PRD00259,2021-05-04,1,2332.31
USR00860,PRD01806,2025-07-08,1,820.92
USR00863,PRD02840,2024-04-27,1,266.27
USR00864,PRD00248,2021-11-03,1,1864.6
USR00865,PRD01202,2023-09-20,1,1544.89
USR00866,PRD01513,2023-04-18,1,1009.71
USR00867,PRD01955,2025-09-29,1,1569.3
USR00869,PRD02570,2025-05-25,1,911.5
USR00870,PRD00023,2024-12-03,1,666.95
USR00871,PRD01922,2025-11-26,1,99.93
USR00872,PRD02719,2023-09-18,1,1371.12
USR00874,PRD00149,2022-01-14,1,1312.42
USR00876,PRD00280,2022-06-23,1,1851.39
USR00877,PRD01974,2025-07-25,1,1643.09
USR00878,PRD01063,2025-03-28,1,1568.42
USR00879,PRD01478,2025-10-08,1,2072.44
USR00882,PRD01294,2025-09-23,1,1284.06
USR00884,PRD00141,2021-06-14,1,185.86
USR00885,PRD02660,2022-07-13,1,721.72
USR00886,PRD02265,2024-07-23,1,78.89
USR00889,PRD00575,2022-02-25,1,2084.15
USR00890,PRD01127,2024-09-07,1,1241.04
USR00891,PRD01829,2025-04-15,1,1273.99
USR00892,PRD02485,2024-03-01,1,831.88
USR00893,PRD00919,2021-09-09,1,2438.95
USR00894,PRD02186,2022-07-06,1,914.59
USR00896,PRD01366,2024-09-25,1,1316.48
USR00897,PRD02846,2023-06-22,1,1709.1
USR00898,PRD01329,2022-08-02,1,2154.64
USR00899,PRD00772,2021-06-28,1,822.43
USR00900,PRD01836,2021-04-25,1,821.39
USR00901,PRD01759,2023-10-12,1,1400.78
USR00902,PRD02277,2022-02-08,1,2464.4
USR00905,PRD01584,2023-09-21,1,226.54
USR00906,PRD01743,2025-12-10,1,1634.8
USR00907,PRD00070,2024-10-26,1,1474.16
USR00908,PRD01605,2024-03-17,1,2472.28
USR00910,PRD01757,2023-12-01,1,1892.69
USR00912,PRD01865,2024-03-23,1,1746.25
USR00913,PRD02526,2025-01-14,1,916.46
USR00914,PRD00516,2025-05-17,1,875.67
USR00916,PRD02117,2023-02-22,1,8.83
USR00918,PRD00991,2024-12-30,1,2377.41
USR00919,PRD00210,2023-12-31,1,924.06
USR00921,PRD00701,2022-10-22,1,326.54
USR00923,PRD00908,2024-08-17,1,1325.07
USR00924,PRD02542,2025-06-12,1,2147.91
USR00926,PRD00145,2021-02-08,1,1406.63
USR00927,PRD01438,2022-06-29,1,561.77
USR00930,PRD00905,2021-05-10,1,2475.94
USR00931,PRD01548,2025-08-06,1,494.8
USR00932,PRD02664,2023-07-01,1,1965.16
USR00933,PRD02831,2021-01-16,1,708.12
USR00934,PRD01104,2021-04-13,1,721.73
USR00936,PRD01084,2025-10-25,1,615.14
USR00938,PRD02305,2021-10-20,1,1926.51
USR00939,PRD00681,2025-11-12,1,673.0
USR00940,PRD00673,2022-06-02,1,1860.42
USR00941,PRD00196,2025-10-28,1,1136.77
USR00942,PRD02696,2025-06-18,1,355.04
USR00943,PRD01786,2025-09-27,1,1094.47
USR00944,PRD01782,2025-01-01,1,1745.97
USR00945,PRD01722,2021-02-11,1,2449.26
USR00946,PRD01659,2022-06-02,1,815.75
USR00947,PRD00184,2023-02-10,1,323.01
USR00948,PRD01081,2023-02-24,1,2162.77
USR00950,PRD00657,2023-08-13,1,1563.56
USR00952,PRD02159,2024-02-10,1,2336.9
USR00954,PRD02910,2023-05-21,1,350.85
USR00955,PRD01668,2022-02-17,1,1374.27
USR00956,PRD02114,2021-01-23,1,672.3
USR00958,PRD00019,2022-02-22,1,621.6
USR00959,PRD00802,2021-08-01,1,1156.37
USR00960,PRD00791,2025-10-13,1,2115.28
USR00961,PRD01932,2023-01-23,1,946.8
USR00962,PRD02176,2024-11-11,1,2192.57
USR00963,PRD01873,2023-10-30,1,630.01
USR00965,PRD00196,2023-08-03,1,1136.77
USR00966,PRD01854,2023-03-05,1,1580.94
USR00967,PRD01821,2023-06-21,1,1159.36
USR00968,PRD02723,2022-12-22,1,718.69
USR00969,PRD02212,2022-05-09,1,2235.05
USR00970,PRD00451,2022-02-24,1,2282.62
USR00971,PRD02759,2024-10-30,1,1063.75
USR00974,PRD02604,2021-07-09,1,1862.34
USR00975,PRD00592,2024-04-19,1,726.74
USR00976,PRD02003,2023-11-12,1,708.1
USR00977,PRD01482,2022-11-19,1,2345.7
USR00979,PRD00625,2024-03-29,1,1136.34
USR00980,PRD01752,2022-06-26,1,1661.13
USR00981,PRD02151,2024-09-28,1,621.98
USR00982,PRD02525,2024-08-22,1,1955.9
USR00983,PRD00891,2024-04-21,1,1092.52
USR00984,PRD02251,2023-11-01,1,581.6
USR00985,PRD02817,2024-11-28,1,1736.87
USR00986,PRD02564,2025-11-22,1,1908.13
USR00988,PRD01672,2021-09-13,1,758.42
USR00989,PRD02896,2021-08-22,1,2073.32
USR00990,PRD00839,2024-04-21,1,233.59
USR00991,PRD01465,2022-10-23,1,1606.82
USR00992,PRD01114,2022-04-17,1,1326.92
USR00995,PRD01175,2021-04-27,1,1131.76
USR00996,PRD01331,2022-07-03,1,870.06
USR00997,PRD02697,2024-10-10,1,125.37
USR00998,PRD00323,2023-04-04,1,682.1
USR01000,PRD02703,2022-01-14,1,16.12
USR01004,PRD01329,2023-01-07,1,2154.64
USR01005,PRD02909,2024-02-08,1,997.52
USR01006,PRD00230,2025-06-02,1,1962.44
USR01007,PRD02097,2025-11-01,1,710.14
USR01008,PRD00294,2025-04-01,1,1873.59
USR01009,PRD02030,2025-09-24,1,975.21
USR01010,PRD02866,2023-11-01,1,1241.78
USR01011,PRD01642,2024-05-08,1,1828.4
USR01012,PRD01989,2023-09-05,1,984.26
USR01014,PRD02768,2021-11-02,1,2352.12
USR01015,PRD02242,2023-12-29,1,1136.52
USR01016,PRD01869,2025-04-20,1,995.46
USR01017,PRD00921,2023-06-04,1,1202.14
USR01018,PRD00114,2023-01-16,1,1343.89
USR01019,PRD00432,2025-04-30,1,2166.1
USR01020,PRD00315,2021-01-04,1,2016.48
USR01021,PRD02764,2022-02-15,1,2147.34
USR01023,PRD01449,2022-03-10,1,717.48
USR01025,PRD01461,2024-02-26,1,792.56
USR01026,PRD00965,2024-06-10,1,1295.67
USR01028,PRD02519,2022-11-02,1,1970.66
USR01029,PRD00547,2022-10-25,1,1138.38
USR01032,PRD02055,2021-05-06,1,97.17
USR01033,PRD00215,2021-02-23,1,1624.45
USR01034,PRD02322,2023-06-06,1,1454.5
USR01035,PRD00793,2021-06-24,1,1888.64
USR01038,PRD02156,2021-03-26,1,1533.1
USR01039,PRD00130,2024-03-19,1,2008.11
USR01040,PRD02178,2025-01-21,1,1630.84
USR01042,PRD02601,2023-04-08,1,1273.1
USR01043,PRD00996,2022-02-09,1,437.61
USR01044,PRD02987,2021-06-08,1,1597.59
USR01046,PRD01659,2023-03-10,1,815.75
USR01047,PRD01421,2024-06-22,1,2437.55
USR01048,PRD00922,2023-07-16,1,1316.92
USR01050,PRD00894,2025-06-25,1,1714.84
USR01051,PRD01301,2021-04-14,1,1449.56
USR01054,PRD00375,2021-03-08,1,664.95
USR01055,PRD00859,2023-11-30,1,205.3
USR01057,PRD00172,2021-01-23,1,2284.24
USR01058,PRD01636,2021-07-14,1,1668.6
USR01059,PRD02830,2024-05-08,1,2478.54
USR01060,PRD01373,2023-10-23,1,2399.4
USR01062,PRD02791,2023-08-30,1,113.67
USR01063,PRD00817,2021-01-15,1,1320.15
USR01064,PRD00511,2024-05-18,1,340.5
USR01065,PRD00739,2025-08-18,1,2315.93
USR01066,PRD01227,2024-09-12,1,185.79
USR01067,PRD01138,2025-11-21,1,2106.86
USR01068,PRD00503,2025-07-31,1,433.63
USR01069,PRD02288,2024-06-19,1,1692.2
USR01070,PRD00642,2022-05-04,1,2280.81
USR01071,PRD01144,2023-12-28,1,1349.14
USR01072,PRD00705,2021-11-08,1,643.96
USR01073,PRD00709,2022-08-30,1,950.19
USR01074,PRD01891,2021-06-21,1,296.14
USR01075,PRD01428,2024-09-02,1,2025.73
USR01076,PRD01336,2024-12-05,1,2362.13
USR01077,PRD00490,2022-10-15,1,1867.82
USR01078,PRD00383,2022-11-23,1,841.38
USR01079,PRD02593,2021-11-22,1,2331.86
USR01080,PRD02102,2025-11-15,1,564.11
USR01081,PRD01477,2022-08-05,1,1065.01
USR01082,PRD02287,2025-04-11,1,1244.53
USR01083,PRD02376,2022-12-28,1,1478.7
USR01085,PRD02528,2023-12-07,1,1890.55
USR01087,PRD01803,2025-01-28,1,1033.11
USR01088,PRD00383,2021-07-02,1,841.38
USR01089,PRD02550,2023-04-19,1,2221.04
USR01090,PRD02595,2024-05-31,1,485.98
USR01091,PRD00127,2021-09-16,1,1356.43
USR01092,PRD00481,2022-03-25,1,990.86
USR01094,PRD02140,2023-05-17,1,1985.17
USR01096,PRD02223,2023-03-23,1,1124.82
USR01097,PRD00287,2024-07-22,1,2067.54
USR01099,PRD02645,2021-07-31,1,681.92
USR01100,PRD02969,2024-11-25,1,1966.72
USR01102,PRD02225,2022-04-25,1,507.13
USR01103,PRD02314,2022-09-20,1,1739.83
USR01104,PRD02961,2024-07-01,1,324.9
USR01105,PRD02047,2025-05-17,1,661.97
USR01109,PRD01313,2021-10-25,1,1695.18
USR01110,PRD02009,2024-10-16,1,510.86
USR01111,PRD00410,2021-10-23,1,2013.28
USR01112,PRD02380,2024-10-14,1,1873.06
USR01113,PRD00033,2022-07-29,1,263.56
USR01114,PRD00648,2022-08-11,1,2221.24
USR01116,PRD00070,2023-12-07,1,1474.16
USR01122,PRD00717,2023-10-17,1,322.57
USR01123,PRD01167,2023-02-22,1,949.43
USR01124,PRD00432,2024-06-05,1,2166.1
USR01125,PRD02167,2021-09-08,1,1432.49
USR01126,PRD01737,2025-08-11,1,491.16
USR01128,PRD01275,2022-09-02,1,262.9
USR01129,PRD00959,2022-02-27,1,261.06
USR01130,PRD02617,2023-08-29,1,1894.42
USR01131,PRD00827,2021-02-19,1,1632.92
USR01132,PRD02488,2021-04-13,1,2016.02
USR01134,PRD00137,2024-04-24,1,320.19
USR01137,PRD00132,2023-03-30,1,2444.56
USR01138,PRD00713,2024-06-21,1,1722.45
USR01139,PRD02456,2025-01-25,1,1509.72
USR01140,PRD00341,2025-10-30,1,2031.36
USR01141,PRD02998,2022-04-09,1,846.62
USR01144,PRD02494,2021-04-07,1,1493.05
USR01146,PRD01063,2021-07-24,1,1568.42
USR01147,PRD00055,2024-08-14,1,131.19
USR01149,PRD01152,2025-10-17,1,1092.37
USR01150,PRD00217,2023-03-11,1,1908.84
USR01151,PRD00951,2022-03-21,1,2347.98
USR01152,PRD00464,2022-07-29,1,548.63
USR01153,PRD01911,2025-07-23,1,1651.89
USR01154,PRD01616,2023-10-15,1,1574.5
USR01155,PRD00830,2021-02-10,1,1930.84
USR01157,PRD00203,2025-01-16,1,929.94
USR01158,PRD02510,2021-08-01,1,2068.03
USR01160,PRD01663,2022-08-19,1,1714.53
USR01162,PRD01568,2021-06-02,1,2329.84
USR01163,PRD02527,2025-01-12,1,2379.61
USR01165,PRD00306,2022-10-04,1,1890.02
USR01166,PRD02301,2024-11-22,1,786.33
USR01167,PRD01457,2022-03-10,1,2006.94
USR01169,PRD00160,2023-11-30,1,2389.87
USR01170,PRD02549,2023-05-08,1,550.52
USR01171,PRD01908,2022-05-30,1,718.36
USR01173,PRD01603,2022-05-14,1,347.53
USR01174,PRD00318,2025-07-05,1,658.47
USR01175,PRD02357,2022-08-21,1,1189.87
USR01177,PRD01407,2025-04-29,1,2209.41
USR01179,PRD00637,2025-08-02,1,1045.87
USR01180,PRD02646,2024-11-12,1,2023.6
USR01183,PRD00817,2025-01-27,1,1320.15
USR01184,PRD01755,2021-09-20,1,1749.53
USR01185,PRD00430,2024-05-29,1,371.15
USR01186,PRD00037,2022-01-26,1,692.28
USR01187,PRD01679,2021-06-02,1,1879.48
USR01188,PRD02936,2023-03-07,1,900.24
USR01190,PRD01372,2022-07-05,1,384.3
USR01191,PRD00920,2023-11-07,1,113.98
USR01193,PRD01213,2022-06-04,1,209.34
USR01194,PRD00493,2024-08-17,1,168.59
USR01195,PRD00529,2023-06-11,1,773.62
USR01197,PRD00923,2021-11-29,1,2325.0
USR01198,PRD02641,2025-05-08,1,739.29
USR01199,PRD02651,2023-05-07,1,348.58
USR01202,PRD00745,2022-04-18,1,2036.3
USR01203,PRD01960,2024-07-06,1,1917.05
USR01204,PRD01708,2022-02-24,1,1203.56
USR01206,PRD01104,2022-11-01,1,721.73
USR01207,PRD02308,2023-03-09,1,2103.35
USR01208,PRD00670,2025-09-14,1,1546.58
USR01210,PRD01776,2022-02-23,1,1368.72
USR01211,PRD01518,2025-10-11,1,2416.63
USR01212,PRD02570,2024-12-22,1,911.5
USR01214,PRD02790,2022-03-01,1,676.11
USR01216,PRD01363,2025-06-14,1,1185.11
USR01217,PRD00514,2024-12-10,1,574.53
USR01218,PRD02721,2025-08-08,1,1090.62
USR01222,PRD00687,2023-07-26,1,338.43
USR01223,PRD02880,2023-07-28,1,226.12
USR01224,PRD01073,2025-11-23,1,2114.66
USR01225,PRD02157,2025-10-25,1,1662.15
USR01226,PRD00154,2023-09-20,1,2256.27
USR01228,PRD01744,2023-03-22,1,1172.13
USR01229,PRD01692,2025-04-19,1,1247.22
USR01230,PRD00191,2025-12-18,1,948.41
USR01231,PRD02320,2025-03-21,1,38.81
USR01232,PRD01669,2022-10-16,1,1609.6
USR01233,PRD01255,2022-12-28,1,6.4
USR01236,PRD02908,2025-02-07,1,948.32
USR01237,PRD02575,2024-03-19,1,1653.55
USR01238,PRD00680,2024-07-28,1,1774.0
USR01239,PRD02564,2022-10-14,1,1908.13
USR01240,PRD01093,2022-08-05,1,2080.73
USR01242,PRD02360,2022-11-23,1,2418.97
USR01243,PRD00284,2023-07-17,1,800.67
USR01245,PRD01766,2022-09-01,1,2215.54
USR01246,PRD00682,2022-09-02,1,196.92
USR01250,PRD02411,2022-05-08,1,2233.76
USR01251,PRD00749,2023-09-11,1,1013.5
USR01252,PRD00983,2024-02-07,1,925.31
USR01253,PRD01053,2023-12-25,1,53.14
USR01254,PRD02233,2025-07-09,1,727.81
USR01255,PRD01943,2023-05-09,1,1236.81
USR01256,PRD00305,2021-01-14,1,1844.25
USR01257,PRD00232,2024-09-08,1,1073.16
USR01258,PRD01295,2024-06-29,1,8.27
USR01260,PRD01025,2025-09-10,1,2217.37
USR01263,PRD02204,2025-09-03,1,533.24
USR01264,PRD00582,2025-12-23,1,1471.64
USR01266,PRD01940,2021-03-27,1,1344.85
USR01267,PRD01713,2024-05-07,1,907.43
USR01268,PRD00159,2025-12-05,1,540.42
USR01270,PRD02267,2023-07-29,1,1055.76
USR01271,PRD02675,2021-08-17,1,1680.69
USR01272,PRD00869,2021-07-03,1,1088.27
USR01273,PRD02517,2023-08-04,1,2458.36
USR01274,PRD00640,2023-11-11,1,731.47
USR01275,PRD01414,2023-11-16,1,162.63
USR01277,PRD00224,2021-11-08,1,1766.69
USR01278,PRD00004,2023-12-01,1,1608.41
USR01279,PRD00650,2021-04-07,1,2111.74
USR01280,PRD02837,2024-09-12,1,1965.69
USR01281,PRD02736,2023-04-05,1,2071.64
USR01282,PRD01198,2023-03-04,1,262.64
USR01283,PRD00095,2025-04-02,1,610.08
USR01284,PRD00532,2023-12-16,1,1028.73
USR01286,PRD02125,2024-10-25,1,779.66
USR01288,PRD02580,2022-02-06,1,1161.52
USR01289,PRD01676,2023-11-26,1,728.1
USR01291,PRD01478,2023-09-20,1,2072.44
USR01292,PRD02188,2023-04-21,1,797.34
USR01293,PRD00155,2025-01-24,1,2377.85
USR01294,PRD00367,2022-12-11,1,1219.08
USR01296,PRD02143,2021-01-17,1,443.76
USR01299,PRD01049,2022-05-16,1,1934.66
USR01300,PRD02544,2022-03-17,1,1427.14
USR01301,PRD02499,2025-05-12,1,50.91
USR01303,PRD02184,2024-02-02,1,1252.19
USR01306,PRD02786,2025-11-28,1,506.9
USR01307,PRD00342,2024-08-29,1,223.62
USR01308,PRD02093,2023-05-31,1,2257.85
USR01309,PRD02370,2023-05-06,1,2457.15
USR01311,PRD01925,2022-11-15,1,681.44
USR01312,PRD00022,2022-09-03,1,2031.74
USR01313,PRD01228,2023-05-14,1,2441.98
USR01314,PRD01106,2024-07-19,1,2002.78
USR01315,PRD02817,2022-03-05,1,1736.87
USR01317,PRD02906,2021-04-16,1,1004.42
USR01318,PRD02023,2023-10-16,1,1753.99
USR01319,PRD00746,2021-04-07,1,711.07
USR01321,PRD01913,2024-09-18,1,2432.85
USR01323,PRD02099,2021-04-08,1,406.1
USR01324,PRD00768,2024-01-22,1,750.61
USR01326,PRD00644,2024-11-27,1,156.6
USR01327,PRD01882,2025-02-20,1,1164.48
USR01328,PRD00921,2024-03-06,1,1202.14
USR01329,PRD02182,2021-04-04,1,2323.05
USR01330,PRD02370,2025-05-13,1,2457.15
USR01331,PRD02508,2025-04-15,1,1707.47
USR01332,PRD02192,2025-03-02,1,843.25
USR01334,PRD02094,2025-04-17,1,185.39
USR01335,PRD02744,2024-03-29,1,2319.72
USR01336,PRD01362,2022-04-07,1,815.67
USR01337,PRD01964,2023-07-27,1,2296.6
USR01338,PRD01267,2023-07-04,1,1232.36
USR01339,PRD02920,2023-03-10,1,1334.48
USR01340,PRD02557,2022-03-01,1,93.56
USR01341,PRD00105,2022-08-14,1,1691.17
USR01342,PRD02900,2022-11-27,1,1891.18
USR01344,PRD00295,2021-03-17,1,1788.57
USR01345,PRD02914,2023-01-13,1,2489.09
USR01346,PRD02196,2025-12-12,1,2353.29
USR01349,PRD02923,2022-03-21,1,1413.52
USR01350,PRD01995,2024-02-02,1,2236.14
USR01352,PRD01272,2024-05-14,1,864.97
USR01354,PRD02101,2023-05-29,1,1556.63
USR01355,PRD00167,2021-05-05,1,2121.45
USR01357,PRD01536,2025-11-27,1,959.78
USR01358,PRD01226,2021-10-13,1,450.55
USR01359,PRD01474,2021-05-26,1,2417.38
USR01360,PRD02174,2023-11-17,1,1431.27
USR01361,PRD01783,2024-08-21,1,1087.04
USR01362,PRD02125,2024-06-06,1,779.66
USR01363,PRD00208,2025-07-09,1,2042.36
USR01364,PRD02796,2022-12-18,1,1533.25
USR01365,PRD01437,2021-02-05,1,832.4
USR01367,PRD02014,2023-08-23,1,2295.43
USR01368,PRD02089,2024-01-11,1,918.68
USR01369,PRD01075,2022-04-11,1,97.33
USR01373,PRD02377,2024-03-17,1,1944.05
USR01374,PRD01515,2024-09-03,1,1907.58
USR01375,PRD02705,2021-02-14,1,509.79
USR01380,PRD02484,2025-12-12,1,2414.81
USR01384,PRD00416,2023-12-27,1,2345.98
USR01385,PRD00327,2022-08-16,1,771.72
USR01386,PRD02511,2025-02-07,1,1194.88
USR01387,PRD02925,2025-04-30,1,2249.66
USR01389,PRD02165,2024-09-11,1,1502.71
USR01390,PRD00877,2022-11-06,1,474.29
USR01391,PRD00183,2025-09-14,1,424.46
USR01392,PRD00694,2023-05-20,1,2313.77
USR01394,PRD01448,2021-11-13,1,1988.42
USR01395,PRD02171,2025-11-20,1,1290.46
USR01396,PRD01961,2024-03-17,1,2138.59
USR01397,PRD00145,2025-12-01,1,1406.63
USR01399,PRD01315,2024-06-09,1,2212.45
USR01400,PRD01837,2022-03-31,1,1843.22
USR01401,PRD00020,2025-03-03,1,11.71
USR01402,PRD02741,2024-11-28,1,808.27
USR01403,PRD01834,2025-03-15,1,2345.99
USR01404,PRD01811,2023-09-26,1,1432.47
USR01405,PRD02292,2021-08-14,1,1058.58
USR01406,PRD00198,2023-12-26,1,1592.4
USR01407,PRD02255,2021-08-07,1,603.32
USR01410,PRD01003,2021-03-24,1,357.78
USR01411,PRD01522,2023-06-18,1,1224.71
USR01412,PRD01395,2025-11-28,1,87.7
USR01414,PRD01106,2021-07-25,1,2002.78
USR01415,PRD00082,2021-01-20,1,1627.46
USR01416,PRD00826,2021-07-20,1,2375.58
USR01417,PRD01692,2024-04-13,1,1247.22
USR01420,PRD02481,2023-03-10,1,412.98
USR01421,PRD00640,2021-06-07,1,731.47
USR01422,PRD02986,2025-07-01,1,182.73
USR01423,PRD02974,2022-02-23,1,1221.91
USR01425,PRD02349,2021-12-27,1,1676.38
USR01426,PRD00807,2023-12-25,1,2043.68
USR01427,PRD00492,2023-04-04,1,610.6
USR01428,PRD01482,2021-06-23,1,2345.7
USR01429,PRD01062,2021-09-28,1,978.9
USR01430,PRD02586,2022-05-30,1,1162.48
USR01431,PRD00870,2021-10-29,1,915.47
USR01432,PRD02479,2022-07-18,1,2218.37
USR01433,PRD00654,2024-07-29,1,2124.02
USR01435,PRD02539,2021-11-09,1,187.93
USR01436,PRD02144,2024-11-15,1,1525.44
USR01437,PRD01257,2021-01-19,1,1703.49
USR01438,PRD01744,2022-08-24,1,1172.13
USR01439,PRD01355,2022-02-26,1,362.81
USR01440,PRD00958,2024-01-23,1,217.08
USR01441,PRD01253,2023-01-08,1,1115.07
USR01445,PRD00665,2022-09-05,1,2288.94
USR01447,PRD01841,2025-01-23,1,907.45
USR01448,PRD02488,2025-04-09,1,2016.02
USR01449,PRD02505,2024-08-03,1,1676.92
USR01450,PRD01073,2021-08-07,1,2114.66
USR01454,PRD02471,2023-08-09,1,2090.33
USR01456,PRD00829,2022-11-14,1,1848.45
USR01457,PRD01827,2021-08-09,1,1873.13
USR01458,PRD02198,2024-01-19,1,581.24
USR01459,PRD00739,2023-11-29,1,2315.93
USR01461,PRD01520,2022-02-26,1,1566.67
USR01462,PRD00961,2025-08-05,1,713.8
USR01463,PRD00569,2022-02-18,1,2483.35
USR01464,PRD00420,2024-06-03,1,957.68
USR01465,PRD01425,2021-09-09,1,2458.69
USR01466,PRD00647,2021-07-21,1,1885.01
USR01468,PRD02848,2022-11-07,1,2052.97
USR01469,PRD01104,2025-07-14,1,721.73
USR01470,PRD02603,2023-12-24,1,491.89
USR01476,PRD01805,2024-01-14,1,2433.58
USR01477,PRD02691,2024-05-28,1,2319.89
USR01479,PRD01992,2021-03-28,1,263.39
USR01480,PRD02149,2023-06-30,1,904.55
USR01481,PRD01276,2025-05-14,1,743.62
USR01482,PRD01579,2023-09-27,1,314.19
USR01483,PRD01079,2021-05-02,1,172.13
USR01484,PRD02540,2021-01-20,1,1153.67
USR01485,PRD02774,2023-02-18,1,1664.6
USR01486,PRD00446,2022-07-04,1,1673.88
USR01487,PRD00887,2022-10-11,1,704.59
USR01488,PRD01556,2024-10-16,1,639.49
USR01489,PRD02588,2022-05-23,1,2359.53
USR01491,PRD00263,2021-02-21,1,2104.47
USR01492,PRD02202,2021-11-10,1,1929.18
USR01493,PRD00966,2022-01-09,1,52.27
USR01494,PRD02620,2025-11-26,1,1612.82
USR01495,PRD00291,2021-08-13,1,1341.78
USR01496,PRD00499,2025-12-10,1,1215.36
USR01497,PRD01368,2021-02-01,1,2410.74
USR01498,PRD02126,2022-01-18,1,2484.19
USR01499,PRD01210,2024-10-26,1,1740.55
