userId,productId,addedAt,quantity,savedForLater
USR01431,PRD01730,2023-06-03,1,false
USR01431,PRD00530,2022-03-30,3,false
USR01431,PRD00446,2023-11-10,3,false
USR01431,PRD00940,2023-03-15,1,false
USR00358,PRD00354,2025-03-07,2,false
USR00358,PRD01673,2025-01-29,3,true
USR00358,PRD00808,2022-03-15,1,true
USR00503,PRD02151,2023-04-04,1,false
USR00692,PRD00968,2024-04-17,1,false
USR01130,PRD00890,2025-11-04,2,true
USR01399,PRD00632,2022-10-18,1,false
USR01399,PRD02363,2023-05-19,2,false
USR01399,PRD00639,2025-03-19,1,false
USR01399,PRD01092,2022-01-20,3,true
USR00732,PRD02906,2022-04-03,3,false
USR00732,PRD02672,2022-12-27,2,false
USR00279,PRD01736,2024-12-17,2,false
USR00279,PRD02433,2025-05-14,1,false
USR00279,PRD00665,2024-08-08,3,true
USR00100,PRD02792,2024-07-19,1,false
USR00100,PRD00308,2025-04-07,3,false
USR01112,PRD01548,2022-10-23,1,false
USR01112,PRD01786,2024-08-28,1,false
USR01112,PRD00568,2022-06-14,2,false
USR01357,PRD01954,2024-10-13,2,false
USR01357,PRD00421,2022-05-30,3,true
USR01357,PRD01283,2024-09-10,2,false
USR01357,PRD00078,2024-10-25,3,false
USR00139,PRD01099,2023-04-02,1,false
USR00139,PRD01503,2025-10-26,3,true
USR00142,PRD00790,2024-10-30,1,false
USR00142,PRD01154,2023-02-15,2,false
USR00142,PRD02334,2024-09-10,2,true
USR00142,PRD00021,2024-09-04,2,false
USR01216,PRD01624,2025-06-07,1,false
USR01216,PRD01587,2025-02-19,2,false
USR00946,PRD02435,2022-10-21,1,true
USR01258,PRD01754,2022-04-24,2,false
USR01258,PRD02738,2025-06-08,2,false
USR00974,PRD00202,2022-09-27,1,false
USR00974,PRD02589,2022-10-01,3,false
USR00974,PRD00803,2023-06-21,1,false
USR00974,PRD00588,2022-02-19,2,false
USR00694,PRD00904,2025-06-05,2,false
USR00694,PRD01527,2024-07-20,1,false
USR00694,PRD01590,2022-08-22,3,false
USR00694,PRD01942,2025-04-12,2,false
USR00047,PRD02012,2022-09-22,2,false
USR00047,PRD02467,2025-02-03,2,true
USR01005,PRD02048,2024-08-29,2,false
USR00654,PRD00616,2022-11-29,3,true
USR00654,PRD02872,2024-07-01,1,false
USR00654,PRD01739,2024-10-14,2,true
USR00654,PRD02212,2025-01-12,1,false
USR01127,PRD01393,2024-12-23,1,true
USR00040,PRD01659,2022-11-21,1,false
USR00040,PRD00404,2024-09-08,3,false
USR00040,PRD02041,2024-01-30,3,true
USR01039,PRD02254,2024-03-24,1,false
USR00754,PRD01880,2024-03-26,2,false
USR01239,PRD00453,2024-07-30,3,false
USR01239,PRD00603,2025-07-24,2,true
USR01239,PRD01240,2024-01-02,3,false
USR01239,PRD02329,2022-06-20,3,false
USR01403,PRD00622,2023-10-27,1,false
USR01403,PRD01314,2023-08-07,2,true
USR01218,PRD02734,2022-04-07,2,false
USR01218,PRD01087,2025-08-08,3,true
USR01218,PRD00908,2025-12-10,2,true
USR01218,PRD02119,2025-05-29,2,false
USR00992,PRD00153,2024-07-28,1,false
USR00992,PRD01383,2025-12-19,2,false
USR00992,PRD00503,2023-04-27,2,false
USR00992,PRD02809,2025-04-04,2,false
USR00483,PRD01526,2023-02-10,3,false
USR00483,PRD02308,2024-05-09,1,false
USR00752,PRD01343,2023-11-30,3,false
USR00752,PRD00763,2022-05-31,3,false
USR00752,PRD01634,2023-02-11,3,false
USR01145,PRD02236,2025-11-24,1,true
USR01145,PRD01734,2022-09-23,2,false
USR01145,PRD02668,2025-03-26,1,false
USR01145,PRD01427,2022-04-28,3,false
USR01067,PRD02628,2023-02-14,1,false
USR01067,PRD02763,2023-11-05,3,true
USR01368,PRD02605,2024-03-01,3,true
USR01368,PRD00225,2024-08-14,2,false
USR01368,PRD01186,2023-06-02,1,false
USR01368,PRD00043,2024-05-25,1,true
USR00285,PRD01102,2025-09-18,3,false
USR01444,PRD02030,2025-01-01,1,false
USR01444,PRD01870,2024-12-24,2,false
USR01444,PRD01361,2023-10-31,1,false
USR00569,PRD02109,2022-06-08,3,true
USR01312,PRD01532,2023-12-01,3,true
USR01312,PRD02222,2023-09-07,1,false
USR00604,PRD01192,2023-07-12,3,false
USR00604,PRD00643,2024-10-02,2,false
USR01321,PRD01761,2024-07-16,3,true
USR01321,PRD01981,2022-05-07,3,true
USR01321,PRD02917,2025-08-10,2,true
USR00222,PRD00169,2024-12-27,3,false
USR00222,PRD01784,2022-03-03,3,false
USR00222,PRD01421,2024-03-20,2,false
USR00222,PRD02279,2022-02-10,3,false
USR00891,PRD02802,2022-02-17,1,false
USR00891,PRD00822,2025-05-09,2,true
USR00981,PRD02775,2023-11-21,2,true
USR00981,PRD00300,2025-02-19,1,false
USR00981,PRD01163,2022-08-23,1,false
USR00981,PRD01119,2024-05-15,2,true
USR00272,PRD00919,2023-08-21,3,true
USR00272,PRD02658,2023-05-28,1,true
USR00272,PRD02954,2022-10-15,2,true
USR00272,PRD00410,2025-03-08,1,false
USR01209,PRD01141,2022-06-13,1,false
USR01209,PRD02892,2022-06-15,2,false
USR01209,PRD00563,2024-06-02,3,false
USR01315,PRD00746,2022-01-01,3,false
USR01315,PRD02929,2025-02-22,1,false
USR01315,PRD01191,2025-01-11,1,false
USR01315,PRD01675,2022-08-21,1,false
USR01031,PRD01843,2023-03-31,1,false
USR01410,PRD02313,2022-09-05,3,false
USR00140,PRD02256,2023-05-12,1,false
USR00140,PRD01788,2024-11-11,2,false
USR00140,PRD00873,2024-07-11,2,false
USR00140,PRD00238,2024-03-26,1,false
USR00465,PRD02857,2022-09-01,2,false
USR00465,PRD02125,2024-05-13,1,false
USR00465,PRD01828,2024-08-13,1,false
USR00465,PRD01985,2025-12-20,2,false
USR01268,PRD00043,2025-04-30,2,true
USR01268,PRD02542,2024-08-11,2,true
USR00552,PRD02077,2022-03-29,3,false
USR00552,PRD00244,2025-07-26,2,true
USR00552,PRD02457,2022-07-04,3,false
USR00080,PRD01041,2024-01-03,1,false
USR00080,PRD01282,2023-07-22,2,false
USR00685,PRD01377,2022-11-03,1,true
USR00685,PRD02175,2023-01-07,1,true
USR00685,PRD01157,2023-03-16,3,true
USR00685,PRD00718,2022-02-21,3,false
USR00466,PRD00467,2025-06-18,1,true
USR00466,PRD01670,2022-04-12,3,true
USR00466,PRD00554,2024-03-05,3,false
USR00466,PRD01390,2023-05-08,3,false
USR00722,PRD00539,2022-12-14,2,true
USR00722,PRD02983,2025-01-31,2,false
USR00948,PRD01916,2022-06-16,3,false
USR00948,PRD02928,2023-04-30,2,false
USR00372,PRD02400,2024-01-17,1,false
USR00372,PRD02529,2022-09-09,3,false
USR00372,PRD02845,2023-08-28,3,true
USR00372,PRD02512,2022-08-30,3,false
USR00259,PRD02040,2024-11-18,1,false
USR00259,PRD01622,2024-02-02,3,false
USR00259,PRD00857,2024-07-22,2,true
USR00259,PRD01878,2022-02-10,1,false
USR00662,PRD02130,2022-08-21,3,false
USR00662,PRD01363,2025-05-16,3,false
USR00920,PRD02990,2022-01-28,2,false
USR00920,PRD01408,2024-12-26,3,false
USR00589,PRD02360,2023-05-22,1,false
USR00589,PRD01252,2025-01-11,2,true
USR00296,PRD00747,2022-03-13,2,true
USR00296,PRD02745,2023-08-29,2,false
USR00296,PRD00776,2022-08-12,3,false
USR00296,PRD01626,2023-08-21,2,false
USR00410,PRD02144,2024-11-17,1,true
USR00410,PRD00515,2024-04-17,3,true
USR00410,PRD02128,2025-10-01,1,false
USR00410,PRD02315,2022-03-18,1,false
USR00802,PRD01223,2024-11-27,2,true
USR00802,PRD02667,2022-03-06,1,false
USR00802,PRD02783,2023-10-19,1,false
USR00802,PRD01871,2024-02-25,3,false
USR00911,PRD00528,2024-02-17,3,true
USR00911,PRD01000,2024-01-18,3,true
USR00911,PRD00311,2022-04-19,1,false
USR00748,PRD01318,2022-12-13,1,false
USR01416,PRD02334,2022-11-24,2,false
USR01416,PRD01814,2022-09-05,2,false
USR01038,PRD00877,2022-01-24,2,false
USR01345,PRD01162,2024-11-20,3,false
USR00041,PRD01606,2025-05-03,2,true
USR00041,PRD00032,2025-08-22,2,true
USR00041,PRD00710,2023-05-14,2,false
USR00727,PRD01946,2022-10-05,2,true
USR00727,PRD01334,2024-07-18,3,false
USR00727,PRD01417,2023-12-02,3,false
USR00727,PRD00018,2023-10-31,2,false
USR00656,PRD01265,2024-03-30,3,true
USR00656,PRD01741,2023-09-09,2,false
USR00656,PRD01032,2022-05-04,2,true
USR00656,PRD02613,2025-11-13,2,false
USR00345,PRD02875,2025-02-03,1,false
USR00073,PRD02396,2022-10-31,1,false
USR00073,PRD02778,2022-10-09,2,true
USR00073,PRD02665,2024-04-01,2,false
USR00073,PRD02749,2022-07-25,2,false
USR01329,PRD00045,2023-02-02,2,false
USR01329,PRD02208,2025-08-04,2,false
USR01397,PRD01032,2024-10-16,2,true
USR01397,PRD02641,2024-02-28,1,false
USR01397,PRD02159,2022-03-05,2,false
USR00522,PRD01341,2025-01-19,3,false
USR00522,PRD01085,2023-12-07,2,true
USR00197,PRD01277,2024-04-09,1,false
USR00197,PRD01881,2022-04-03,3,false
USR01192,PRD00540,2025-03-08,1,false
USR01192,PRD02409,2022-03-03,1,true
USR01192,PRD02250,2025-01-03,1,false
USR01192,PRD01477,2024-01-17,3,true
USR00932,PRD02809,2025-10-16,1,true
USR01189,PRD02930,2023-04-19,1,false
USR01021,PRD00678,2024-10-30,2,false
USR01021,PRD02618,2025-10-28,2,false
USR01021,PRD02497,2023-08-28,2,false
USR00649,PRD02688,2022-07-03,2,false
USR00649,PRD01359,2024-12-22,2,false
USR00649,PRD02512,2023-05-10,2,false
USR00649,PRD00217,2025-03-26,2,false
USR00957,PRD00582,2023-06-08,1,false
USR00858,PRD00726,2023-08-12,2,true
USR00858,PRD02411,2022-10-13,1,false
USR00858,PRD00252,2022-06-26,3,false
USR00028,PRD00567,2025-01-10,2,true
USR00028,PRD02994,2025-11-19,1,false
USR00227,PRD00413,2024-01-14,1,false
USR00227,PRD01545,2023-05-16,3,false
USR00227,PRD01555,2024-12-10,2,true
USR00227,PRD02400,2025-02-05,3,true
USR00153,PRD01456,2022-03-27,3,false
USR00153,PRD02542,2023-05-30,2,false
USR00153,PRD00222,2024-08-06,2,false
USR01339,PRD01633,2025-01-15,3,false
USR01339,PRD00764,2022-12-06,3,false
USR00019,PRD00743,2024-02-25,3,false
USR00019,PRD00181,2023-03-29,2,false
USR01030,PRD02640,2024-10-23,3,true
USR01030,PRD00872,2024-01-16,1,false
USR01030,PRD02537,2022-03-02,2,false
USR00750,PRD02445,2023-12-31,2,true
USR00750,PRD00233,2025-04-27,2,false
USR00750,PRD02371,2025-12-21,3,false
USR00308,PRD00035,2023-08-29,2,true
USR00308,PRD02929,2023-03-30,3,false
USR00308,PRD00009,2023-11-16,1,false
USR00308,PRD00284,2025-04-05,1,false
USR01114,PRD02196,2025-06-22,1,false
USR01114,PRD00123,2025-08-10,3,false
USR01114,PRD02634,2025-12-12,1,false
USR00141,PRD02125,2024-04-10,1,false
USR01172,PRD00646,2025-12-28,3,true
USR01172,PRD00946,2025-12-17,1,false
USR01172,PRD00166,2024-07-23,1,false
USR01172,PRD02437,2024-01-01,1,true
USR00587,PRD01630,2025-11-06,1,false
USR00587,PRD01564,2025-03-31,3,false
USR00587,PRD00944,2023-11-11,3,false
USR00789,PRD02311,2022-05-08,3,true
USR00789,PRD00285,2023-09-14,3,false
USR00789,PRD01479,2023-08-31,3,false
USR00789,PRD00342,2022-08-11,3,false
USR01304,PRD01365,2024-06-13,1,false
USR01304,PRD02110,2024-06-27,3,false
USR01304,PRD00885,2023-01-10,1,false
USR01304,PRD01660,2025-06-14,3,true
USR00648,PRD01863,2022-08-03,1,false
USR01232,PRD02574,2024-04-18,2,false
USR01232,PRD01549,2023-01-15,3,false
USR00631,PRD00562,2022-10-09,1,true
USR00012,PRD02529,2023-08-30,1,false
USR00012,PRD02511,2024-02-19,1,false
USR00012,PRD00213,2023-05-29,2,false
USR00012,PRD02131,2024-09-28,3,false
USR00292,PRD02683,2024-11-14,2,false
USR00292,PRD01321,2025-01-15,3,false
USR00292,PRD01458,2025-12-01,3,false
USR00292,PRD00859,2025-11-18,2,false
USR00135,PRD01704,2022-09-25,2,false
USR00778,PRD02586,2024-11-07,3,false
USR00778,PRD02246,2023-02-05,3,true
USR00778,PRD00629,2025-05-01,3,false
USR00778,PRD01588,2022-10-12,1,true
USR00147,PRD01540,2024-02-03,2,false
USR00565,PRD00523,2022-09-23,2,false
USR01281,PRD02576,2025-08-28,3,true
USR01281,PRD01843,2025-03-06,1,false
USR01281,PRD01076,2024-04-05,3,false
USR01281,PRD02203,2024-09-19,1,true
USR00484,PRD01328,2024-03-31,2,false
USR00484,PRD02649,2025-01-19,2,false
USR00966,PRD01985,2023-09-02,1,false
USR00966,PRD01859,2024-06-08,2,false
USR00966,PRD02327,2025-10-09,3,false
USR00966,PRD00623,2022-06-13,3,false
USR00048,PRD02469,2022-10-23,3,false
USR00048,PRD02371,2022-06-06,2,true
USR00048,PRD01582,2022-07-05,3,false
USR01182,PRD01704,2024-12-03,1,false
USR01182,PRD00915,2025-06-02,1,false
USR01182,PRD01450,2024-08-06,2,false
USR01182,PRD02391,2022-12-07,3,false
USR00203,PRD00176,2024-02-28,2,false
USR00203,PRD02238,2024-01-23,2,false
USR00373,PRD02465,2025-08-30,2,true
USR00373,PRD01303,2023-03-31,3,false
USR00373,PRD01356,2024-01-04,2,true
USR00759,PRD01611,2022-07-15,1,false
USR00791,PRD02303,2025-03-18,2,false
USR00791,PRD02369,2023-09-24,1,false
USR01487,PRD00725,2023-08-13,3,false
USR01331,PRD02839,2022-10-06,2,true
USR01331,PRD00763,2025-08-11,3,false
USR01331,PRD00666,2024-09-16,2,false
USR01331,PRD00675,2025-12-20,3,false
USR01476,PRD01613,2022-05-11,1,true
USR01476,PRD01334,2024-06-09,3,true
USR00301,PRD01630,2023-09-06,2,false
USR00301,PRD02713,2024-07-12,1,false
USR00301,PRD01252,2023-12-10,2,false
USR00301,PRD01625,2024-05-21,1,true
USR00644,PRD02052,2023-04-05,1,true
USR00644,PRD00805,2022-10-28,1,false
USR00644,PRD00599,2025-10-01,1,false
USR01280,PRD01379,2025-10-04,1,false
USR01280,PRD01498,2022-01-28,1,true
USR01280,PRD02551,2022-01-02,1,false
USR00873,PRD01025,2022-07-17,1,false
USR00873,PRD00606,2025-07-19,1,false
USR00873,PRD02851,2023-11-02,2,false
USR00437,PRD00867,2024-09-20,3,false
USR00437,PRD01959,2022-01-08,3,false
USR00161,PRD02099,2022-10-16,3,false
USR00161,PRD00546,2023-07-31,3,false
USR01012,PRD02994,2022-12-29,1,true
USR01012,PRD00387,2023-02-20,1,true
USR01012,PRD02255,2022-08-04,2,false
USR01012,PRD00628,2024-04-01,3,false
USR00845,PRD00063,2022-05-31,3,false
USR00237,PRD01751,2025-01-11,2,false
USR00237,PRD01811,2023-11-15,2,true
USR00237,PRD01716,2025-02-14,1,false
USR00814,PRD02934,2025-07-21,2,false
USR00814,PRD01036,2024-08-07,2,true
USR01010,PRD02904,2023-09-17,1,false
USR00633,PRD01386,2023-06-23,1,false
USR00633,PRD01613,2023-04-23,2,true
USR00183,PRD01766,2023-02-27,2,true
USR00183,PRD00980,2024-02-18,3,true
USR00544,PRD01953,2024-02-26,1,true
USR00544,PRD02858,2023-04-08,1,false
USR00544,PRD00482,2024-12-10,3,false
USR00544,PRD00871,2025-01-18,3,false
USR01063,PRD01867,2023-12-10,3,true
USR01063,PRD02803,2024-06-25,3,true
USR00477,PRD00068,2023-08-17,2,false
USR00477,PRD02550,2024-08-02,2,true
USR00477,PRD00876,2023-06-05,2,true
USR00477,PRD02709,2022-05-29,2,false
USR00204,PRD00840,2023-12-19,2,false
USR00204,PRD00832,2022-07-15,2,false
USR00204,PRD02589,2025-06-08,1,true
USR00204,PRD01228,2022-06-08,3,false
USR01447,PRD00113,2024-09-13,3,false
USR00943,PRD00736,2024-11-07,1,false
USR00943,PRD00201,2023-07-30,3,false
USR00943,PRD01852,2022-05-23,1,false
USR00943,PRD02431,2022-03-09,3,false
USR01034,PRD00507,2023-06-29,3,false
USR01034,PRD02320,2022-05-19,2,false
USR00173,PRD00588,2023-11-14,3,false
USR00173,PRD02034,2025-09-02,2,true
USR00173,PRD00891,2024-12-01,3,false
USR00734,PRD01174,2023-09-09,1,false
USR00734,PRD01027,2023-10-27,2,false
USR00734,PRD00670,2024-04-30,3,false
USR00281,PRD01921,2023-10-11,2,true
USR00281,PRD00374,2024-08-09,1,true
USR00281,PRD02488,2023-09-26,2,true
USR00854,PRD00197,2022-11-03,1,false
USR00854,PRD01453,2025-05-18,2,false
USR00121,PRD01276,2022-08-05,1,false
USR00811,PRD02809,2025-04-03,2,false
USR00811,PRD00785,2022-10-04,1,false
USR00811,PRD00501,2025-07-08,1,true
USR00811,PRD02979,2024-03-15,3,false
USR00640,PRD00789,2022-11-09,1,true
USR00640,PRD00939,2022-11-30,1,true
USR00518,PRD00682,2023-09-19,2,true
USR00518,PRD01142,2025-03-19,1,false
USR00518,PRD00458,2024-10-12,3,false
USR01248,PRD00987,2025-08-25,3,false
USR01248,PRD02520,2025-04-15,1,false
USR00071,PRD01511,2025-01-29,1,false
USR00071,PRD00400,2025-04-20,1,true
USR00096,PRD01717,2024-01-09,3,false
USR00096,PRD00469,2022-04-26,2,false
USR00459,PRD02138,2025-07-02,1,true
USR00459,PRD02631,2024-05-31,1,false
USR01128,PRD00455,2024-09-14,1,false
USR01256,PRD00673,2025-12-16,1,false
USR01256,PRD02939,2022-06-13,2,false
USR00231,PRD02770,2022-09-05,2,false
USR00086,PRD01905,2022-07-23,2,false
USR00086,PRD02756,2025-06-25,1,false
USR00921,PRD02563,2023-10-04,1,false
USR00921,PRD00166,2023-03-09,2,true
USR00921,PRD00234,2024-11-18,3,false
USR00921,PRD02366,2024-09-02,2,false
USR01279,PRD00558,2024-01-30,2,false
USR01279,PRD00784,2022-10-01,3,true
USR01279,PRD00895,2024-11-22,2,false
USR01279,PRD02726,2023-12-04,2,true
USR00586,PRD01117,2023-04-27,2,false
USR00586,PRD00365,2024-07-31,3,true
USR00586,PRD00197,2024-09-20,1,false
USR00586,PRD00287,2022-02-15,2,true
USR00533,PRD02545,2022-06-06,3,false
USR00533,PRD02945,2023-02-28,3,false
USR00533,PRD02695,2022-03-22,3,false
USR00771,PRD02789,2022-04-27,1,true
USR00771,PRD00094,2024-05-01,3,false
USR00915,PRD02025,2023-04-27,3,false
USR00915,PRD00244,2024-02-18,1,false
USR00915,PRD01233,2024-12-04,1,false
USR01264,PRD00923,2022-07-31,2,false
USR01264,PRD01862,2025-09-14,3,false
USR01264,PRD00832,2025-02-05,2,false
USR00746,PRD00814,2022-12-27,3,true
USR01346,PRD01656,2024-03-29,3,false
USR00894,PRD01368,2025-06-26,1,false
USR00894,PRD01929,2025-08-23,2,false
USR00894,PRD01871,2023-01-26,1,false
USR00894,PRD02373,2024-03-03,1,true
USR00167,PRD01039,2024-09-14,2,true
USR00624,PRD02767,2024-09-23,1,false
USR00624,PRD02962,2023-04-17,1,false
USR00624,PRD01230,2025-01-15,1,false
USR00624,PRD00535,2022-09-03,1,false
USR01008,PRD02215,2023-02-01,1,false
USR01008,PRD01619,2025-12-19,1,true
USR01008,PRD01409,2023-12-19,2,true
USR01008,PRD00364,2024-01-14,3,false
USR01293,PRD02090,2023-10-04,1,true
USR01293,PRD02570,2025-06-14,1,false
USR01433,PRD02692,2023-09-22,3,false
USR01433,PRD02735,2024-02-15,3,false
USR01433,PRD02803,2023-05-15,2,true
USR01433,PRD01815,2023-01-14,1,true
USR01107,PRD02187,2024-06-24,3,false
USR01107,PRD00024,2022-01-29,3,false
USR01107,PRD02055,2024-07-10,1,false
USR01367,PRD00506,2025-05-15,3,false
USR01367,PRD00494,2025-03-31,2,false
USR01367,PRD00881,2024-06-12,3,false
USR00612,PRD00344,2022-11-06,1,false
USR00612,PRD01937,2022-07-29,2,false
USR00612,PRD02455,2022-06-30,3,false
USR00612,PRD00583,2023-01-14,2,false
USR00887,PRD00304,2024-04-10,2,true
USR00887,PRD00696,2022-05-19,3,false
USR00887,PRD02730,2024-04-20,3,true
USR01387,PRD02564,2025-02-15,2,true
USR00003,PRD02532,2024-06-26,2,false
USR00317,PRD02507,2024-04-03,2,true
USR00317,PRD00339,2025-03-22,2,true
USR00317,PRD01207,2022-03-21,3,true
USR00510,PRD01310,2024-02-21,3,true
USR00510,PRD01377,2024-06-23,3,false
USR00510,PRD00943,2025-08-12,2,false
USR00508,PRD01360,2022-10-05,3,false
USR00020,PRD01745,2023-08-05,3,false
USR00020,PRD01769,2025-06-09,1,false
USR00707,PRD01712,2023-09-03,1,true
USR00707,PRD02437,2022-05-24,2,true
USR00707,PRD01961,2024-04-05,1,false
USR00707,PRD01775,2025-12-27,1,false
USR00343,PRD00375,2025-04-17,1,true
USR01374,PRD02433,2025-08-27,2,false
USR00989,PRD02006,2024-03-06,2,false
USR00989,PRD02516,2024-03-23,2,false
USR00989,PRD00438,2023-07-08,3,false
USR00989,PRD00776,2025-05-26,2,false
USR01153,PRD01357,2024-09-19,2,false
USR01153,PRD00503,2022-09-29,3,false
USR01153,PRD00457,2025-09-30,2,false
USR00747,PRD01978,2025-10-01,1,false
USR01299,PRD00922,2023-12-21,3,false
USR01299,PRD01003,2023-02-24,1,true
USR01299,PRD00058,2023-01-17,2,false
USR01117,PRD00382,2025-01-26,1,true
USR00425,PRD02752,2023-10-09,3,false
USR00425,PRD02556,2025-10-21,2,false
USR00425,PRD02673,2024-01-04,2,false
USR00315,PRD02620,2023-01-04,1,false
USR00315,PRD01862,2024-07-10,1,true
USR00315,PRD02954,2024-11-05,1,false
USR00315,PRD00879,2025-04-09,1,true
USR00286,PRD00839,2024-04-19,3,false
USR00024,PRD01895,2023-07-06,2,false
USR00024,PRD00315,2022-10-11,1,false
USR00024,PRD02669,2025-04-22,3,false
USR00955,PRD01283,2025-12-12,1,true
USR00955,PRD00469,2024-09-19,2,true
USR00955,PRD00234,2025-10-30,3,false
USR00955,PRD01092,2024-01-09,3,false
USR01455,PRD01778,2023-10-13,1,false
USR01455,PRD00650,2022-03-14,3,true
USR01455,PRD00728,2025-10-22,2,false
USR00924,PRD00927,2023-03-25,1,false
USR00588,PRD01516,2024-09-13,2,true
USR00588,PRD00162,2023-07-16,1,false
USR00588,PRD02210,2024-09-06,1,false
USR00588,PRD02688,2022-09-07,1,false
USR01053,PRD01233,2022-06-09,3,false
USR01053,PRD02217,2024-06-10,3,false
USR00260,PRD00757,2023-06-09,2,true
USR00260,PRD01290,2024-03-22,3,false
USR00260,PRD00260,2024-06-05,3,false
USR01393,PRD01480,2024-06-17,1,false
USR00275,PRD01946,2023-06-18,3,false
USR00275,PRD00724,2022-11-15,3,false
USR00767,PRD01397,2023-04-10,3,true
USR00767,PRD00024,2024-02-19,3,false
USR00767,PRD01681,2024-02-17,2,false
USR01011,PRD01232,2022-01-27,2,false
USR00072,PRD02280,2024-12-13,2,false
USR00321,PRD02585,2024-05-28,2,false
USR00321,PRD00373,2024-10-02,3,false
USR00792,PRD00548,2025-10-29,1,false
USR00792,PRD00785,2024-02-29,2,true
USR00792,PRD02419,2022-07-25,3,false
USR00726,PRD02067,2025-08-15,2,false
USR00726,PRD02447,2024-12-20,3,false
USR01469,PRD01064,2023-02-01,3,true
USR01469,PRD02617,2022-12-13,1,false
USR01469,PRD00526,2022-07-11,2,true
USR01469,PRD00708,2024-07-16,1,false
USR00045,PRD01062,2024-08-09,1,false
USR00045,PRD00956,2023-11-10,1,false
USR00045,PRD02473,2022-11-22,3,false
USR00045,PRD02146,2025-09-21,3,false
USR00214,PRD02337,2023-10-20,3,false
USR00214,PRD02233,2024-08-30,2,true
USR00214,PRD00975,2022-10-14,3,true
USR00929,PRD02071,2025-05-06,1,false
USR00929,PRD02829,2023-07-25,1,false
USR00929,PRD02541,2023-10-16,1,false
USR00636,PRD02351,2025-03-01,3,false
USR00636,PRD01518,2024-12-12,3,true
USR00636,PRD00836,2022-10-31,2,false
USR00636,PRD00935,2025-11-20,2,false
USR01135,PRD00306,2024-03-25,3,false
USR01135,PRD00871,2022-03-19,3,false
USR01135,PRD00697,2024-09-22,1,false
USR01135,PRD00351,2024-08-02,3,false
USR00839,PRD02219,2023-01-06,2,true
USR01310,PRD02660,2024-12-21,2,true
USR01310,PRD02809,2023-04-01,1,false
USR01310,PRD00188,2023-03-12,3,false
USR01061,PRD01420,2025-05-14,3,false
USR01061,PRD01692,2024-06-28,3,true
USR01061,PRD00165,2024-02-25,1,true
USR00903,PRD01699,2023-08-10,2,true
USR00903,PRD00151,2025-03-22,3,false
USR01076,PRD01882,2023-05-02,3,false
USR01076,PRD01665,2023-07-07,2,false
USR01076,PRD02633,2025-02-10,2,false
USR01076,PRD02056,2025-09-30,3,false
USR01483,PRD00964,2025-03-18,3,false
USR00386,PRD01785,2023-07-05,3,false
USR01495,PRD01657,2024-03-24,1,false
USR01495,PRD01043,2024-12-19,2,false
USR01495,PRD01144,2023-10-10,1,false
USR01328,PRD01697,2022-04-27,3,true
USR01328,PRD02418,2024-10-07,3,false
USR01328,PRD01294,2025-07-15,1,false
USR01328,PRD02638,2023-05-21,3,false
USR01349,PRD02794,2022-04-30,3,false
USR01349,PRD01870,2025-02-04,2,false
USR01349,PRD02205,2022-09-11,1,false
USR00810,PRD02036,2025-09-27,3,false
USR00810,PRD00953,2025-02-04,2,true
USR00952,PRD00145,2023-12-03,2,false
USR01173,PRD02234,2023-04-16,2,false
USR01173,PRD00292,2022-08-26,2,false
USR01173,PRD00961,2024-08-25,2,false
USR00274,PRD02317,2025-12-31,3,true
USR00274,PRD01756,2024-07-01,1,false
USR00274,PRD01137,2023-01-27,3,false
USR00274,PRD01679,2022-11-28,3,false
USR00519,PRD02284,2023-05-18,1,true
USR00519,PRD00472,2023-10-24,1,false
USR00519,PRD00993,2024-12-03,1,false
USR00519,PRD01186,2025-12-04,2,false
USR01106,PRD00981,2023-02-22,2,true
USR01106,PRD01207,2023-07-22,1,true
USR01106,PRD00497,2022-12-11,3,false
USR00239,PRD02003,2025-02-26,3,false
USR01246,PRD01101,2024-07-01,2,true
USR00860,PRD02706,2025-03-02,1,false
USR00860,PRD01544,2022-05-20,2,true
USR00860,PRD01279,2022-08-06,1,false
USR00841,PRD02932,2025-02-05,1,true
USR00841,PRD01072,2023-01-25,3,false
USR00841,PRD01355,2023-11-16,1,false
USR00841,PRD01102,2023-09-14,2,false
USR01089,PRD00607,2025-09-05,2,false
USR01089,PRD01186,2025-04-13,3,false
USR01089,PRD01140,2023-06-28,3,false
USR00627,PRD02852,2022-09-22,3,false
USR00627,PRD01923,2023-06-24,2,false
USR00314,PRD02254,2025-11-10,2,false
USR00314,PRD02846,2022-03-20,1,false
USR00314,PRD01502,2025-03-13,2,true
USR01225,PRD00174,2023-12-13,2,false
USR01225,PRD02518,2025-04-09,2,false
USR01225,PRD02435,2024-03-11,2,true
USR00300,PRD00511,2022-12-19,3,true
USR00300,PRD00385,2023-12-19,3,true
USR00491,PRD01293,2023-03-08,3,false
USR01314,PRD01615,2022-03-26,1,false
USR01314,PRD01704,2024-08-27,2,false
USR00157,PRD02603,2022-09-07,3,false
USR00157,PRD01076,2024-02-21,2,false
USR00157,PRD00258,2023-10-29,1,true
USR00355,PRD00586,2025-12-13,3,false
USR00355,PRD00573,2025-12-11,3,true
USR00349,PRD02030,2024-01-30,1,false
USR00349,PRD00664,2024-07-11,1,false
USR00349,PRD01346,2024-05-01,3,true
USR01377,PRD00799,2024-07-16,2,false
USR01377,PRD00713,2024-10-26,2,false
USR00674,PRD02143,2025-07-18,2,false
USR00674,PRD02314,2025-08-18,2,true
USR00674,PRD00736,2024-10-29,2,true
USR00674,PRD01344,2024-02-04,2,false
USR00832,PRD00976,2022-09-22,3,false
USR00832,PRD00642,2025-05-18,2,true
USR00439,PRD01934,2024-12-26,2,false
USR00439,PRD02375,2022-08-20,1,false
USR00117,PRD02962,2024-03-21,1,false
USR01389,PRD00820,2025-01-06,3,false
USR01389,PRD01070,2024-09-24,1,false
USR01389,PRD01357,2024-10-24,3,false
USR00733,PRD01126,2022-04-15,1,false
USR00733,PRD01153,2022-10-21,2,true
USR00733,PRD02071,2024-05-17,2,true
USR00740,PRD01501,2023-05-25,2,false
USR00740,PRD00925,2024-06-14,3,false
USR00740,PRD00201,2022-11-20,1,false
USR01224,PRD00513,2023-12-20,1,false
USR00995,PRD01411,2024-08-10,3,false
USR00995,PRD01141,2025-01-18,3,false
USR00995,PRD00435,2025-06-23,3,true
USR01382,PRD00451,2022-07-15,1,true
USR01382,PRD01090,2023-10-16,1,false
USR01382,PRD00340,2024-04-01,3,true
USR00063,PRD00178,2024-10-17,1,true
USR00063,PRD02481,2024-05-09,1,false
USR00063,PRD00448,2023-07-07,2,false
USR00805,PRD00598,2022-01-27,1,false
USR00805,PRD01886,2024-01-20,2,false
USR00429,PRD00130,2025-03-30,3,false
USR01042,PRD02146,2024-01-12,1,false
USR01042,PRD01847,2023-07-28,1,false
USR01042,PRD01032,2024-09-16,1,false
USR00087,PRD00559,2024-11-21,1,false
USR00825,PRD00380,2024-02-29,1,true
USR00825,PRD00174,2023-04-01,1,true
USR00825,PRD00168,2023-03-11,1,false
USR00825,PRD00006,2023-03-25,2,true
USR00154,PRD01498,2024-09-20,3,false
USR00154,PRD00953,2025-11-13,2,false
USR00154,PRD00617,2022-05-19,3,false
USR00914,PRD02527,2022-05-16,1,false
USR00914,PRD01594,2025-04-02,3,false
USR00914,PRD00345,2024-01-07,1,false
USR00914,PRD00138,2024-07-02,2,false
USR00472,PRD02488,2022-08-10,2,false
USR00472,PRD01794,2023-09-20,2,false
USR00472,PRD00996,2024-10-25,3,true
USR00472,PRD00886,2024-05-08,3,false
USR00420,PRD00785,2022-05-06,1,false
USR00420,PRD02512,2022-08-10,2,false
USR01274,PRD02690,2022-01-26,2,true
USR01274,PRD00394,2023-11-29,2,false
USR01274,PRD01842,2022-11-18,1,true
USR01274,PRD00068,2024-05-30,3,false
USR00192,PRD02054,2023-08-01,3,true
USR00192,PRD00236,2025-09-08,3,false
USR00192,PRD01026,2024-05-28,2,false
USR00192,PRD00741,2025-01-29,1,false
USR00240,PRD01163,2023-01-05,1,true
USR00240,PRD02882,2023-10-01,1,false
USR00240,PRD02333,2025-04-14,3,false
USR01169,PRD02602,2025-04-15,3,false
USR01169,PRD02211,2025-10-27,1,false
USR01169,PRD00510,2023-04-16,3,true
USR01169,PRD00904,2025-06-16,1,false
USR01055,PRD01501,2023-07-22,2,false
USR00401,PRD00655,2023-10-31,3,false
USR00461,PRD00502,2025-01-17,3,true
USR00363,PRD00865,2024-11-14,3,false
USR00363,PRD02414,2024-09-19,1,false
USR00363,PRD01694,2022-06-17,1,false
USR00622,PRD02764,2024-10-07,2,false
USR00622,PRD00385,2022-11-19,3,false
USR00622,PRD00357,2024-09-17,3,false
USR00622,PRD00893,2023-03-20,3,false
USR01065,PRD02655,2022-03-20,2,true
USR00298,PRD00700,2023-07-30,3,false
USR00298,PRD00051,2025-12-29,3,false
USR00457,PRD01101,2023-01-10,1,false
USR00457,PRD00503,2024-05-06,3,false
USR00457,PRD00129,2022-12-13,3,true
USR01459,PRD01605,2024-09-25,2,true
USR01132,PRD00602,2022-02-01,3,false
USR01132,PRD01053,2024-03-15,1,false
USR01069,PRD00744,2024-05-24,1,false
USR01069,PRD01841,2023-05-30,3,false
USR01069,PRD01413,2024-02-11,1,false
USR01069,PRD02207,2023-10-23,1,false
USR00423,PRD00480,2022-07-26,1,false
USR00423,PRD00204,2022-03-24,3,false
USR01405,PRD02934,2024-01-27,3,true
USR00302,PRD02766,2025-09-30,2,false
USR01041,PRD02222,2022-06-27,3,false
USR01041,PRD01564,2022-04-30,3,false
USR01035,PRD02530,2024-05-16,1,false
USR00367,PRD02163,2023-10-25,2,false
USR01196,PRD01242,2024-10-12,1,false
USR01196,PRD02842,2023-11-06,3,true
USR01077,PRD02125,2025-11-18,1,false
USR00502,PRD02118,2023-11-30,1,true
USR00502,PRD00852,2022-06-02,1,false
USR00502,PRD01799,2024-07-03,1,true
USR00289,PRD01173,2022-02-02,3,false
USR00289,PRD01344,2024-01-23,2,false
USR00289,PRD01217,2022-02-14,1,true
USR00289,PRD00814,2023-08-04,1,false
USR00026,PRD01261,2024-12-29,3,false
USR00026,PRD02614,2024-06-19,1,true
USR00026,PRD02325,2024-08-20,3,false
USR00551,PRD00858,2023-02-12,3,false
USR00551,PRD01772,2024-12-06,1,false
USR00551,PRD01835,2022-06-03,1,false
USR00536,PRD02824,2024-09-03,2,false
USR00536,PRD02652,2025-04-23,2,false
USR00536,PRD02727,2022-11-06,3,true
USR00066,PRD01286,2025-08-02,3,true
USR01057,PRD00142,2022-10-23,2,false
USR01057,PRD01740,2024-03-11,2,false
USR01220,PRD01715,2022-11-07,3,false
USR01220,PRD01525,2022-05-12,2,false
USR01220,PRD01147,2022-11-02,3,false
USR00613,PRD00257,2025-06-05,1,true
USR00613,PRD00043,2022-12-25,3,false
USR00613,PRD02015,2022-10-06,1,false
USR00613,PRD01338,2023-11-10,1,false
USR01265,PRD02762,2022-01-29,3,false
USR01265,PRD00898,2024-03-23,3,false
USR01265,PRD02046,2022-03-30,2,false
USR01265,PRD00017,2025-08-21,1,false
USR00997,PRD01223,2023-10-16,1,false
USR00997,PRD02132,2022-05-15,3,true
USR00997,PRD01184,2024-07-19,3,false
USR00590,PRD00494,2024-05-16,1,true
USR00590,PRD02319,2022-04-04,3,true
USR00525,PRD00872,2024-08-11,2,false
USR01266,PRD02253,2024-06-28,1,true
USR01334,PRD00276,2023-01-10,2,false
USR01334,PRD02198,2023-03-07,3,false
USR01334,PRD01149,2024-05-22,3,false
USR01103,PRD00519,2023-05-20,2,false
USR01103,PRD01474,2024-12-20,1,false
USR01103,PRD00158,2023-07-19,1,false
USR01103,PRD00979,2024-02-08,2,false
USR00866,PRD02693,2022-11-07,2,false
USR01134,PRD02356,2025-09-25,1,true
USR00462,PRD02655,2022-10-20,3,false
USR00462,PRD00898,2023-06-28,2,true
USR00462,PRD02052,2025-03-18,1,false
USR00352,PRD01196,2025-02-21,2,false
USR00352,PRD01993,2022-03-04,2,false
USR01174,PRD01097,2022-10-10,3,true
USR01174,PRD02237,2023-07-18,2,false
USR01174,PRD01102,2022-03-07,3,false
USR01438,PRD00349,2022-04-26,3,false
USR01438,PRD02038,2025-03-12,3,false
USR01438,PRD02573,2024-07-20,1,false
USR01438,PRD02211,2022-11-11,1,false
USR00799,PRD01481,2023-01-21,2,false
USR00799,PRD02167,2022-06-13,1,false
USR01381,PRD01361,2024-07-19,3,false
USR01381,PRD01987,2022-04-11,3,true
USR01381,PRD00127,2024-02-17,2,false
USR01381,PRD02325,2023-10-09,3,false
USR00247,PRD00540,2023-04-16,2,false
USR00395,PRD00944,2024-09-22,2,true
USR00395,PRD01031,2022-03-10,3,false
USR00535,PRD01327,2024-09-01,2,false
USR00535,PRD00299,2024-01-02,3,false
USR00535,PRD01909,2022-02-06,3,true
USR01037,PRD02391,2023-02-21,2,true
USR01037,PRD01885,2023-06-11,3,true
USR01037,PRD00735,2024-04-09,3,false
USR01037,PRD00273,2024-11-07,3,false
USR01136,PRD00980,2025-10-20,3,false
USR01136,PRD00501,2022-12-13,3,false
USR00210,PRD00836,2022-06-18,3,false
USR00210,PRD01398,2024-10-18,2,false
USR00210,PRD00296,2023-11-11,2,false
USR00635,PRD02063,2025-09-02,3,false
USR00635,PRD01056,2025-02-22,2,false
USR01221,PRD02154,2025-09-25,1,false
USR01221,PRD00592,2023-04-14,1,false
USR01221,PRD01419,2022-01-24,2,true
USR00607,PRD02753,2025-08-19,1,true
USR00562,PRD01977,2025-04-13,1,false
USR00562,PRD00604,2022-01-10,2,true
USR00562,PRD02651,2024-10-04,2,false
USR00359,PRD01574,2023-02-17,2,false
USR00359,PRD00250,2022-10-21,1,false
USR01375,PRD00785,2023-01-24,2,false
USR01375,PRD00796,2022-06-17,2,false
USR01375,PRD00180,2023-01-14,3,false
USR00541,PRD01322,2022-01-12,3,true
USR00341,PRD01678,2022-07-14,1,false
USR00341,PRD00837,2024-09-28,1,false
USR00303,PRD00429,2024-06-13,1,true
USR00441,PRD00089,2023-09-01,1,true
USR00441,PRD01068,2023-06-05,2,false
USR00441,PRD01544,2025-10-02,1,false
USR01091,PRD00838,2022-11-21,2,true
USR01091,PRD02480,2022-05-12,2,false
USR00414,PRD00236,2024-12-15,1,false
USR00849,PRD00251,2022-09-25,2,false
USR00849,PRD02300,2022-12-04,3,false
USR00849,PRD02649,2023-08-20,2,true
USR01472,PRD01312,2025-08-07,3,false
USR01472,PRD01815,2023-10-01,1,true
USR01472,PRD00945,2022-01-17,1,true
USR00126,PRD01301,2025-04-13,3,false
USR00126,PRD00580,2024-08-17,3,true
USR00008,PRD02487,2023-12-06,2,false
USR00008,PRD02489,2024-05-03,1,false
USR00008,PRD01163,2025-09-11,3,true
USR00400,PRD01652,2023-01-16,2,true
USR00400,PRD02195,2025-06-01,2,false
USR00850,PRD00095,2023-01-19,2,true
USR00850,PRD02886,2023-07-16,1,true
USR00043,PRD00156,2024-11-07,1,false
USR00517,PRD01442,2022-02-23,1,false
USR00517,PRD02484,2022-07-10,1,false
USR00517,PRD02914,2023-03-19,3,false
USR00347,PRD01396,2022-06-12,2,false
USR00347,PRD00429,2025-01-14,3,false
USR00347,PRD01747,2022-06-28,2,false
USR00777,PRD02790,2025-07-04,1,false
USR00116,PRD01173,2023-04-23,1,false
USR00116,PRD02110,2023-11-08,2,false
USR00116,PRD02242,2022-12-19,3,false
USR01255,PRD01899,2022-06-02,2,false
USR01255,PRD02797,2025-05-24,3,false
USR00077,PRD00370,2024-12-02,2,true
USR01470,PRD00455,2024-08-11,2,true
USR01470,PRD02866,2023-04-09,1,false
USR00962,PRD01029,2023-12-20,3,false
USR00962,PRD00065,2024-03-28,2,false
USR00962,PRD00505,2022-10-14,2,true
USR00340,PRD01156,2023-11-26,2,false
USR00340,PRD00729,2022-04-12,1,false
USR00340,PRD00082,2023-09-16,1,true
USR00676,PRD02574,2023-03-23,2,false
USR01359,PRD00648,2022-10-10,2,false
USR01359,PRD02926,2024-02-22,3,false
USR01359,PRD02097,2025-11-21,1,true
USR01359,PRD01307,2023-08-05,1,false
USR00836,PRD02053,2025-04-05,2,false
USR00836,PRD02395,2023-01-03,3,false
USR00836,PRD02496,2022-09-28,3,false
USR00836,PRD02683,2023-04-02,3,false
USR01028,PRD00892,2024-10-12,2,true
USR00561,PRD01971,2025-08-07,1,false
USR00561,PRD02399,2025-04-01,1,true
USR00561,PRD00058,2025-03-16,1,true
USR00561,PRD01800,2024-04-09,1,false
USR00529,PRD02957,2024-09-02,3,false
USR00529,PRD02621,2022-01-20,1,true
USR00930,PRD02475,2022-07-08,3,false
USR00512,PRD02379,2023-01-27,3,false
USR00155,PRD00451,2023-05-07,2,false
USR00155,PRD02027,2023-02-16,2,false
USR00155,PRD02579,2025-03-18,3,false
USR00513,PRD01699,2025-09-11,2,false
USR00513,PRD02980,2025-04-27,3,false
USR00513,PRD01159,2025-06-15,3,false
USR00863,PRD01171,2025-01-24,1,true
USR01142,PRD01423,2024-05-18,2,false
USR01317,PRD00951,2024-05-01,2,true
USR01317,PRD02470,2025-06-21,3,false
USR01317,PRD01680,2025-07-27,2,false
USR01317,PRD01492,2025-08-09,2,false
USR00713,PRD02601,2024-09-22,1,true
USR00713,PRD02033,2024-09-09,1,true
USR00713,PRD01957,2024-07-05,1,true
USR00713,PRD02091,2022-07-22,3,false
USR01023,PRD01093,2025-11-05,2,false
USR01023,PRD01566,2023-11-14,3,true
USR00111,PRD00823,2025-08-15,3,false
USR00111,PRD00338,2025-04-25,2,false
USR00880,PRD01628,2025-06-01,2,false
USR00880,PRD01933,2024-12-01,2,true
USR00880,PRD02722,2022-11-10,1,true
USR00880,PRD01385,2024-02-08,1,true
USR00658,PRD00898,2023-07-27,3,false
USR00658,PRD01635,2023-03-31,2,true
USR01450,PRD01114,2025-11-15,2,false
USR00499,PRD02969,2022-07-15,3,true
USR00499,PRD02167,2022-05-25,2,false
USR00499,PRD01275,2023-04-30,3,false
USR00357,PRD00429,2025-04-17,1,true
USR00064,PRD00909,2022-05-04,3,true
USR00064,PRD02498,2025-11-20,1,false
USR00051,PRD01815,2023-06-09,2,true
USR00051,PRD00832,2025-05-27,1,false
USR00051,PRD02624,2023-12-18,2,true
USR00051,PRD00375,2023-03-26,3,true
USR00444,PRD00241,2024-04-19,1,false
USR00444,PRD02000,2023-09-12,3,true
USR00444,PRD01813,2023-07-25,3,false
USR01148,PRD01182,2024-04-24,3,true
USR01148,PRD01386,2025-05-11,2,false
USR01148,PRD01626,2025-06-24,2,false
USR00601,PRD02099,2024-02-11,2,false
USR00601,PRD00793,2022-03-10,2,false
USR00601,PRD02807,2024-02-28,3,true
USR01330,PRD00933,2022-11-04,1,false
USR00294,PRD02977,2022-04-09,2,false
USR00294,PRD02315,2022-03-06,3,false
USR00125,PRD02349,2023-06-14,1,false
USR00125,PRD02081,2022-03-25,1,false
USR00125,PRD00126,2022-10-26,3,false
USR00125,PRD02263,2025-11-18,3,false
USR00206,PRD01209,2024-03-02,1,true
USR00206,PRD00944,2022-12-01,3,false
USR00206,PRD00835,2023-03-25,2,true
USR00206,PRD01672,2024-06-24,3,true
USR00570,PRD01942,2025-07-08,3,true
USR01419,PRD01963,2024-06-26,3,false
USR00103,PRD00655,2022-08-03,3,false
USR00164,PRD00721,2025-09-21,3,true
USR00164,PRD00875,2024-12-26,1,false
USR00164,PRD02378,2024-01-24,1,false
USR00708,PRD02495,2025-11-11,1,true
USR01242,PRD01635,2025-05-15,1,true
USR01242,PRD00469,2022-03-10,1,true
USR01242,PRD02593,2022-01-30,1,false
USR01242,PRD01600,2024-08-29,3,false
USR01131,PRD02845,2024-08-06,1,true
USR01131,PRD02740,2025-10-11,2,false
USR01131,PRD02849,2023-03-04,1,false
USR00288,PRD00296,2023-02-09,3,false
USR00288,PRD02719,2025-03-14,1,false
USR00288,PRD00082,2022-08-27,2,false
USR00288,PRD00667,2025-05-23,1,false
USR01207,PRD02394,2024-12-30,1,false
USR01207,PRD01322,2022-07-10,1,false
USR01162,PRD00525,2023-12-11,2,false
USR01162,PRD02371,2022-03-02,3,false
USR01162,PRD02281,2022-04-02,1,false
USR01162,PRD02058,2024-11-10,2,true
USR00334,PRD01036,2022-04-19,3,true
USR00941,PRD00561,2025-10-07,2,true
USR01333,PRD01908,2023-11-12,2,false
USR01333,PRD00228,2024-01-29,3,true
USR00901,PRD00439,2023-11-12,2,false
USR00346,PRD02605,2022-06-27,2,true
USR00346,PRD02604,2023-02-09,2,false
USR00346,PRD02317,2023-08-17,2,false
USR01332,PRD01138,2024-04-07,1,false
USR01332,PRD01965,2022-10-31,1,false
USR01332,PRD01158,2023-10-16,1,false
USR01332,PRD01856,2024-03-12,1,true
USR00523,PRD02482,2023-05-02,1,false
USR00523,PRD00797,2022-08-23,1,false
USR00523,PRD00428,2022-10-04,3,false
USR01337,PRD00450,2024-08-22,3,false
USR01337,PRD02188,2025-07-23,1,false
USR00278,PRD00518,2025-07-11,3,false
USR00278,PRD01317,2022-06-13,2,false
USR00278,PRD02681,2022-04-25,2,false
USR00488,PRD02957,2024-09-02,2,false
USR00488,PRD00420,2025-01-30,1,false
USR00263,PRD02986,2022-11-10,3,true
USR00263,PRD02574,2023-04-03,3,false
USR01287,PRD00889,2025-02-22,1,false
USR00756,PRD00660,2023-12-28,3,true
USR00756,PRD00369,2024-07-08,3,true
USR00756,PRD02150,2025-10-18,2,false
USR00348,PRD01890,2024-10-07,3,false
USR00348,PRD01226,2023-09-24,2,false
USR00348,PRD02661,2022-01-14,2,true
USR00348,PRD02650,2025-04-19,1,true
USR00917,PRD00234,2025-06-21,3,false
USR00136,PRD00021,2025-03-22,1,true
USR00136,PRD01335,2025-09-27,1,false
USR00136,PRD02889,2022-10-16,2,false
USR00790,PRD00855,2023-09-20,3,false
USR01426,PRD02176,2024-11-02,1,true
USR01426,PRD01073,2024-07-30,1,false
USR01426,PRD01515,2024-09-09,1,false
USR01426,PRD02589,2024-03-26,2,false
USR00105,PRD02164,2022-01-15,2,false
USR00105,PRD00214,2022-04-12,3,true
USR01120,PRD01423,2023-07-30,2,false
USR00436,PRD01993,2025-05-14,2,false
USR00391,PRD02580,2024-01-10,2,false
USR00391,PRD02369,2025-11-15,2,true
USR01252,PRD01651,2025-01-29,2,false
USR00037,PRD01270,2022-01-15,2,false
USR00744,PRD01171,2025-07-27,2,false
USR00744,PRD01233,2022-07-15,3,false
USR00704,PRD01364,2023-02-12,2,false
USR00704,PRD01999,2023-02-16,3,false
USR00704,PRD00560,2024-02-14,2,true
USR00818,PRD02455,2025-05-28,2,false
USR00480,PRD00022,2024-01-21,3,false
USR00480,PRD02413,2025-01-27,1,false
USR01160,PRD00506,2024-09-08,2,false
USR01160,PRD02780,2024-09-30,1,true
USR01160,PRD01236,2024-07-10,3,false
USR01160,PRD01188,2023-09-17,1,false
USR00371,PRD01691,2024-01-07,3,false
USR00371,PRD00663,2023-03-29,1,false
USR00371,PRD01571,2022-05-15,3,false
USR00371,PRD02108,2025-06-19,2,true
USR00387,PRD00321,2025-04-29,2,false
USR00387,PRD01778,2024-06-03,2,false
USR00387,PRD01360,2023-02-08,3,false
USR01083,PRD02662,2024-09-21,2,false
USR01480,PRD00455,2024-12-31,2,true
USR01480,PRD02353,2023-03-31,1,true
USR00067,PRD01365,2024-02-26,2,true
USR00067,PRD02626,2022-11-29,2,false
USR00067,PRD02039,2024-03-27,1,false
USR00067,PRD02478,2025-06-01,3,true
USR01463,PRD02318,2022-07-02,2,true
USR01463,PRD02769,2024-11-01,3,false
USR00010,PRD01719,2025-11-11,2,false
USR00146,PRD00731,2024-10-10,1,false
USR00146,PRD00684,2022-06-09,3,false
USR00146,PRD02786,2025-09-05,1,false
USR00146,PRD00267,2022-04-01,1,true
USR00002,PRD01098,2023-10-18,3,true
USR00682,PRD00354,2025-12-24,2,false
USR00682,PRD00532,2025-11-13,3,false
USR00682,PRD00321,2023-07-08,1,false
USR00892,PRD02079,2023-09-10,3,true
USR00892,PRD01453,2023-02-10,1,false
USR00892,PRD01119,2024-09-17,1,false
USR00936,PRD02104,2025-12-07,2,false
USR00101,PRD00310,2024-06-20,2,true
USR00101,PRD01175,2024-06-02,2,false
USR00101,PRD01886,2023-10-19,1,false
USR00888,PRD00536,2022-01-22,1,true
USR00888,PRD00722,2025-09-08,3,true
USR01191,PRD02886,2023-10-16,2,true
USR01191,PRD01667,2022-12-18,2,false
USR01191,PRD02870,2024-07-25,2,true
USR01191,PRD00635,2022-12-07,3,true
USR00643,PRD02658,2022-02-28,1,false
USR00643,PRD02133,2023-12-13,2,false
USR00643,PRD01019,2022-12-11,1,false
USR00643,PRD00509,2024-03-30,1,true
USR01178,PRD01010,2023-05-03,1,false
USR00184,PRD01824,2024-02-28,2,false
USR01040,PRD00355,2024-05-27,1,false
USR01040,PRD00569,2023-02-24,1,false
USR01040,PRD02139,2022-09-07,1,false
USR00909,PRD01066,2025-12-26,2,true
USR00909,PRD02215,2025-10-27,2,false
USR00909,PRD01586,2022-05-16,1,false
USR01111,PRD00731,2024-04-07,1,false
USR00432,PRD01532,2022-05-01,2,false
USR00432,PRD01585,2024-08-26,2,false
USR00542,PRD00866,2025-05-29,3,false
USR00542,PRD01935,2022-09-28,2,false
USR00542,PRD01675,2022-04-07,2,false
USR00542,PRD00283,2023-07-13,1,false
USR00326,PRD01237,2022-05-14,3,true
USR00326,PRD00361,2025-04-04,3,false
USR01211,PRD02321,2025-11-13,3,false
USR01211,PRD02173,2025-10-04,2,false
USR01122,PRD00202,2024-12-02,2,false
USR01122,PRD00955,2025-05-20,2,true
USR01122,PRD02510,2025-12-07,1,true
USR01118,PRD00905,2024-10-22,3,false
USR01118,PRD02208,2022-01-26,2,false
USR00983,PRD02559,2024-08-14,1,true
USR01373,PRD02655,2023-08-18,3,false
USR01373,PRD00289,2025-03-31,3,true
USR00076,PRD00945,2025-05-05,1,true
USR00076,PRD01706,2025-03-27,2,false
USR00076,PRD02690,2024-05-02,3,false
USR00076,PRD01891,2025-03-14,3,false
USR01461,PRD02745,2025-06-09,1,true
USR01461,PRD02889,2024-10-28,3,false
USR01461,PRD01196,2025-10-20,3,true
USR01461,PRD01581,2024-07-16,2,false
USR01379,PRD00973,2024-04-01,1,false
USR01379,PRD00094,2022-07-08,3,false
USR01358,PRD01799,2023-01-04,2,false
USR01358,PRD01903,2023-07-27,3,false
USR01358,PRD02171,2024-11-15,2,true
USR00182,PRD01778,2022-12-31,3,false
USR00975,PRD02775,2023-07-21,3,true
USR00022,PRD00554,2025-12-18,1,false
USR00022,PRD02127,2022-04-14,1,false
USR00022,PRD01374,2025-08-25,1,false
USR00971,PRD00201,2025-06-11,2,false
USR00971,PRD00550,2022-06-17,2,true
USR00971,PRD01384,2024-10-14,2,false
USR00842,PRD01345,2022-02-03,3,true
USR00842,PRD02541,2025-01-22,2,true
USR00842,PRD02448,2022-05-12,3,true
USR00905,PRD01286,2023-07-20,1,false
USR00905,PRD01880,2024-07-28,2,true
USR01113,PRD01327,2023-10-02,3,false
USR01113,PRD00131,2022-08-13,2,false
USR01113,PRD02384,2024-11-08,3,false
USR00719,PRD00139,2023-12-30,3,false
USR00719,PRD01075,2023-05-13,1,false
USR00719,PRD01491,2025-11-09,2,false
USR00719,PRD02784,2024-01-22,3,false
USR00753,PRD01990,2023-12-11,2,false
USR00753,PRD01058,2022-07-18,1,false
USR00753,PRD01549,2022-02-02,2,false
USR01140,PRD01288,2022-11-12,3,false
USR01140,PRD01019,2022-04-30,3,false
USR01275,PRD00269,2025-11-24,3,true
USR01275,PRD01444,2022-12-27,2,false
USR01275,PRD01994,2024-07-14,1,false
USR01275,PRD00015,2022-10-24,3,false
USR01323,PRD00110,2024-08-13,2,false
USR01323,PRD01409,2025-01-23,1,false
USR01323,PRD02556,2024-12-16,2,false
USR00639,PRD02635,2022-01-19,1,true
USR00639,PRD00026,2023-01-17,1,false
USR00494,PRD01172,2023-02-25,1,false
USR01110,PRD00879,2024-01-30,2,false
USR01110,PRD01486,2023-12-27,1,false
USR01110,PRD00575,2022-02-03,1,false
USR00194,PRD00931,2024-09-17,3,true
USR00194,PRD02088,2023-07-03,2,true
USR00745,PRD02982,2024-04-29,3,false
USR00745,PRD01287,2024-11-10,3,false
USR00870,PRD02845,2024-10-06,2,false
USR00870,PRD00333,2023-10-05,3,false
USR00870,PRD01897,2025-09-06,2,false
USR00392,PRD00414,2025-07-07,1,false
USR01308,PRD00444,2025-01-28,1,false
USR01147,PRD00281,2024-02-20,3,false
USR01147,PRD01475,2023-12-04,2,false
USR01147,PRD02178,2022-07-18,1,false
USR01147,PRD01159,2023-05-16,1,false
USR00912,PRD02912,2025-09-23,3,true
USR00912,PRD02869,2025-07-09,3,false
USR01197,PRD02743,2023-12-06,2,false
USR01197,PRD02725,2025-11-27,1,false
USR01197,PRD02440,2023-03-24,2,false
USR01197,PRD00711,2022-07-11,2,true
USR01099,PRD00605,2022-08-15,2,false
USR01099,PRD00293,2022-04-08,1,false
USR01099,PRD02974,2023-03-02,2,false
USR00360,PRD00152,2022-03-14,2,false
USR01254,PRD00997,2025-02-16,3,false
USR01254,PRD00033,2022-04-28,1,false
USR01198,PRD00344,2023-03-10,1,false
USR00307,PRD01149,2024-02-03,1,true
USR00795,PRD02820,2025-09-28,2,true
USR00795,PRD02226,2024-08-05,3,false
USR00795,PRD00374,2025-01-20,2,true
USR00651,PRD01206,2024-10-20,2,false
USR00651,PRD02160,2023-06-28,2,false
USR00651,PRD01015,2024-10-14,2,true
USR01144,PRD02746,2025-08-14,1,true
USR01144,PRD01274,2022-10-09,3,false
USR01144,PRD00532,2022-12-17,1,false
USR01144,PRD01154,2024-07-30,3,false
USR00610,PRD00212,2023-04-15,1,false
USR00610,PRD02054,2022-12-20,3,true
USR01430,PRD02830,2025-10-09,3,false
USR00495,PRD01789,2025-07-01,2,false
USR00495,PRD00677,2023-07-30,3,false
USR00495,PRD00094,2022-08-19,3,false
USR00495,PRD00092,2025-02-21,2,false
USR00907,PRD02875,2022-01-19,3,false
USR00907,PRD01524,2022-10-13,1,false
USR00907,PRD00955,2024-05-11,1,false
USR00907,PRD02028,2024-04-20,3,false
USR01260,PRD02190,2023-03-16,3,false
USR01260,PRD00087,2022-06-03,2,false
USR00385,PRD00903,2023-08-06,2,true
USR00385,PRD01290,2022-10-03,2,false
USR00797,PRD01360,2025-10-07,1,false
USR00797,PRD01928,2025-02-22,2,false
USR00797,PRD00622,2022-05-12,1,false
USR00195,PRD02718,2023-04-27,3,false
USR01376,PRD02329,2025-01-26,1,false
USR01376,PRD00817,2025-11-01,2,false
USR00959,PRD01016,2024-09-14,2,false
USR00959,PRD01214,2023-08-29,3,false
USR00959,PRD01187,2023-12-04,3,false
USR00119,PRD02530,2023-09-29,3,true
USR01342,PRD02117,2024-06-15,3,false
USR01342,PRD00243,2024-08-03,1,true
USR00061,PRD00664,2024-05-20,3,false
USR01082,PRD00031,2024-02-20,2,false
USR01082,PRD01307,2025-12-08,1,false
USR01082,PRD01862,2024-05-26,3,false
USR00434,PRD01097,2023-08-29,1,false
USR00434,PRD01595,2024-08-22,2,true
USR00514,PRD00765,2022-11-10,2,false
USR00514,PRD02640,2022-11-30,2,false
USR00128,PRD01233,2024-08-23,2,false
USR00673,PRD01047,2025-03-19,3,false
USR00673,PRD01716,2024-10-03,2,false
USR00332,PRD02388,2023-02-05,3,false
USR00332,PRD00060,2022-01-28,1,false
USR00764,PRD01603,2023-07-10,2,true
USR00764,PRD02581,2022-07-23,3,false
USR00764,PRD00631,2023-07-25,3,false
USR00319,PRD01920,2025-07-07,2,true
USR00319,PRD00245,2025-12-31,1,false
USR00319,PRD01674,2022-07-26,2,true
USR00851,PRD01550,2023-08-26,3,false
USR00851,PRD00043,2025-10-07,2,true
USR00851,PRD01893,2025-01-26,3,false
USR00257,PRD02171,2024-02-05,1,false
USR00683,PRD00519,2025-06-07,2,false
USR00683,PRD02595,2023-03-29,2,true
USR00293,PRD00051,2023-06-20,2,false
USR01159,PRD02199,2024-11-23,2,true
USR01159,PRD01571,2023-12-21,1,false
USR00794,PRD00271,2022-03-05,2,true
USR00794,PRD01128,2025-01-06,2,false
USR00287,PRD01983,2023-01-06,1,false
USR00287,PRD01886,2025-03-19,3,false
USR00287,PRD01183,2024-03-29,3,true
USR01380,PRD02524,2023-06-23,2,false
USR00985,PRD00406,2023-03-24,2,false
USR00273,PRD00564,2024-04-18,3,true
USR00273,PRD02431,2023-02-13,3,false
USR00273,PRD00882,2022-08-07,2,false
USR00273,PRD01650,2022-09-08,1,false
USR00680,PRD01825,2024-11-06,2,false
USR00680,PRD01719,2022-06-24,3,false
USR00680,PRD00574,2022-12-10,3,false
USR00680,PRD02338,2024-06-28,3,false
USR01181,PRD00752,2025-07-24,1,false
USR01181,PRD00828,2024-05-26,2,false
USR01181,PRD02015,2025-10-05,3,false
USR00675,PRD00964,2022-01-10,1,false
USR00675,PRD02796,2023-02-08,2,false
USR00675,PRD01052,2024-01-20,1,false
USR01300,PRD01844,2022-09-25,2,false
USR01300,PRD00177,2023-02-27,2,false
USR01300,PRD02330,2024-09-14,2,false
USR01300,PRD00873,2025-07-09,2,true
USR00935,PRD00364,2023-01-30,1,true
USR00935,PRD01066,2022-04-04,1,false
USR00669,PRD00713,2025-04-21,1,false
USR00669,PRD01608,2024-08-13,1,false
USR00641,PRD01396,2024-11-06,2,false
USR00641,PRD02578,2023-05-13,2,false
USR00641,PRD02445,2023-05-17,3,false
USR00641,PRD02153,2025-06-19,3,false
USR01247,PRD00958,2024-03-06,3,false
USR00762,PRD02764,2024-03-08,2,false
USR00762,PRD02107,2022-01-04,3,false
USR00862,PRD01525,2023-08-22,3,true
USR00862,PRD00364,2024-08-28,1,false
USR00862,PRD00894,2024-07-14,1,false
USR00862,PRD01920,2023-05-18,3,true
USR00670,PRD00994,2024-06-19,2,false
USR00763,PRD01637,2025-10-24,1,false
USR00763,PRD00929,2022-10-17,3,false
USR00763,PRD01249,2025-12-26,3,false
USR00763,PRD02376,2024-03-23,2,false
USR00198,PRD00456,2025-10-19,2,true
USR00198,PRD01516,2022-04-20,1,true
USR00198,PRD02701,2024-02-05,3,false
USR00198,PRD02972,2022-07-30,3,false
USR00452,PRD01037,2024-02-05,2,false
USR00452,PRD02622,2022-08-21,1,false
USR00843,PRD01466,2022-04-27,3,false
USR01070,PRD01895,2024-11-20,3,true
USR00440,PRD00173,2025-08-08,3,true
USR00440,PRD01574,2022-04-19,2,false
USR00440,PRD01280,2024-09-23,2,false
USR00440,PRD00371,2022-02-08,3,false
USR00913,PRD02141,2025-10-10,1,true
USR01278,PRD01765,2025-05-08,1,false
USR01278,PRD02955,2024-04-24,3,false
USR00937,PRD00106,2023-05-10,3,false
USR00937,PRD00057,2022-01-19,1,false
USR00937,PRD01207,2023-05-02,1,false
USR01230,PRD00173,2023-09-01,2,true
USR01230,PRD00819,2022-12-27,2,false
USR01464,PRD01628,2023-05-05,2,false
USR01464,PRD01932,2024-06-12,3,false
USR00233,PRD00082,2024-03-29,1,false
USR00233,PRD00553,2025-08-09,2,false
USR00233,PRD00272,2022-12-06,1,false
USR00233,PRD02032,2022-07-07,2,false
USR00110,PRD00116,2023-02-20,1,false
USR00110,PRD01045,2023-11-24,2,true
USR00110,PRD00655,2023-03-06,2,false
USR00110,PRD02738,2023-01-25,3,false
USR00574,PRD02835,2025-01-01,1,true
USR00574,PRD02697,2025-01-09,1,true
USR00606,PRD00636,2025-02-13,3,false
USR00606,PRD02188,2022-12-20,2,false
USR00606,PRD02279,2022-08-22,3,false
USR01320,PRD00564,2025-12-28,3,false
USR01320,PRD00018,2023-07-21,3,false
USR00122,PRD01618,2023-02-21,3,true
USR00122,PRD00503,2023-04-09,2,false
USR00122,PRD01713,2024-02-07,3,false
USR00122,PRD00469,2022-05-02,2,false
USR00145,PRD01875,2024-02-24,2,true
USR00145,PRD02363,2025-02-28,1,true
USR01499,PRD02212,2024-06-26,3,true
USR00823,PRD01805,2025-10-21,1,false
USR00823,PRD00061,2025-03-18,2,false
USR01139,PRD01515,2022-08-31,1,false
USR00403,PRD00036,2024-08-16,3,false
USR00403,PRD01706,2025-09-14,1,false
USR00403,PRD02405,2023-10-25,3,false
USR00403,PRD02930,2024-10-22,1,true
USR00848,PRD00438,2022-10-30,2,false
USR00848,PRD02466,2022-11-05,2,false
USR00848,PRD00497,2023-07-14,3,false
USR01226,PRD01372,2022-03-21,3,false
USR00384,PRD01415,2025-12-05,2,false
USR00384,PRD02001,2023-05-22,3,false
USR00384,PRD02664,2022-06-25,3,false
USR00822,PRD00057,2023-04-10,1,false
USR00822,PRD01965,2022-10-17,2,true
USR00822,PRD00209,2024-05-03,2,false
USR00822,PRD00402,2024-08-21,3,false
USR01094,PRD00604,2023-12-27,3,true
USR01195,PRD00142,2022-04-19,2,true
USR00235,PRD01523,2024-03-04,2,false
USR00235,PRD01554,2024-11-07,2,false
USR00235,PRD00974,2025-02-10,1,true
USR00310,PRD02378,2023-12-28,3,false
USR00310,PRD01773,2024-07-04,1,true
USR00310,PRD00185,2022-08-04,1,false
USR00828,PRD00071,2025-10-29,2,false
USR00828,PRD00054,2025-05-13,3,false
USR00768,PRD00634,2025-10-02,3,false
USR00258,PRD01062,2022-03-23,2,false
USR00258,PRD00799,2022-09-11,2,true
USR00258,PRD01590,2024-11-19,3,false
USR00258,PRD01689,2023-08-28,3,true
USR00269,PRD02019,2023-03-02,1,false
USR00269,PRD01001,2022-04-05,2,false
USR00269,PRD01825,2023-09-15,3,false
USR00269,PRD00609,2025-06-18,1,false
USR00881,PRD00287,2025-11-27,3,false
USR00046,PRD02571,2023-02-27,2,false
USR00046,PRD01382,2025-08-24,1,false
USR00046,PRD01313,2023-09-11,1,false
USR00597,PRD01030,2025-08-29,2,true
USR00597,PRD00552,2023-08-23,2,false
USR00597,PRD01000,2022-03-11,1,true
USR00156,PRD01601,2023-09-15,2,false
USR00156,PRD01587,2022-01-20,1,true
USR01244,PRD01244,2024-05-15,2,false
USR01290,PRD03000,2022-02-19,1,true
USR01290,PRD01982,2025-05-02,2,false
USR01424,PRD01067,2025-03-10,3,false
USR00898,PRD00726,2023-01-10,3,true
USR00898,PRD02878,2024-03-26,2,false
USR01355,PRD00103,2025-05-12,1,false
USR01058,PRD01865,2025-07-13,2,false
USR00234,PRD00095,2023-06-04,1,false
USR00234,PRD01121,2024-09-03,1,false
USR00234,PRD01732,2024-11-07,1,false
USR00234,PRD01617,2023-07-30,3,true
USR00910,PRD00643,2025-08-21,1,false
USR00169,PRD00720,2023-03-10,2,false
USR00169,PRD02917,2024-01-30,2,false
USR00169,PRD00635,2023-12-30,2,false
USR00721,PRD01618,2023-12-22,3,true
USR00721,PRD01672,2023-04-01,1,false
USR00684,PRD00383,2024-04-06,2,false
USR00684,PRD02125,2023-08-21,3,false
USR00684,PRD01397,2023-03-21,2,false
USR00731,PRD01669,2025-08-12,3,true
USR00731,PRD00134,2023-04-24,2,true
USR00731,PRD02898,2024-04-10,3,false
USR01212,PRD01410,2022-03-14,3,false
USR01212,PRD01459,2025-10-20,1,false
USR01212,PRD00727,2025-04-21,3,false
USR01212,PRD02677,2025-04-04,1,false
USR00014,PRD02503,2024-09-28,2,true
USR00014,PRD00553,2025-04-23,3,true
USR01006,PRD01611,2025-05-20,2,false
USR01313,PRD01675,2023-08-21,3,false
USR01313,PRD01893,2024-10-04,1,true
USR00595,PRD02548,2024-05-12,3,false
USR00595,PRD00624,2023-09-27,1,false
USR00595,PRD00299,2025-02-06,1,false
USR00739,PRD01325,2022-07-01,2,true
USR00650,PRD02037,2023-09-20,3,false
USR00650,PRD02157,2024-11-26,1,true
USR00650,PRD02873,2022-03-23,2,false
USR00221,PRD02440,2025-06-10,1,true
USR00221,PRD00354,2022-12-16,3,false
USR00038,PRD01694,2022-05-05,1,false
USR00038,PRD01074,2023-05-18,3,true
USR00038,PRD01411,2024-07-22,2,false
USR00038,PRD01421,2022-05-19,1,false
USR01022,PRD00857,2024-02-13,1,false
USR01022,PRD00040,2024-09-23,2,true
USR01022,PRD00847,2022-05-22,1,true
USR00869,PRD00824,2024-08-26,2,false
USR00869,PRD00515,2023-11-12,2,false
USR00869,PRD00912,2024-07-15,3,false
USR00857,PRD02993,2025-06-08,1,false
USR00857,PRD01751,2024-07-17,2,true
USR00857,PRD00836,2022-06-20,2,true
USR00743,PRD00908,2022-03-06,1,false
USR01482,PRD01812,2022-11-13,1,true
USR01482,PRD00068,2024-08-09,1,false
USR01482,PRD02044,2022-12-22,1,false
USR01482,PRD00520,2025-11-10,3,true
USR00458,PRD00041,2025-06-21,2,true
USR00458,PRD00546,2023-07-31,2,false
USR00083,PRD02717,2023-01-12,2,false
USR01071,PRD00963,2024-03-27,2,false
USR01071,PRD00726,2024-04-08,3,false
USR01071,PRD01382,2022-01-02,3,false
USR00152,PRD01019,2025-07-26,3,false
USR00152,PRD01738,2025-06-23,3,false
USR00152,PRD01750,2022-02-10,3,false
USR00152,PRD01216,2024-10-18,2,true
USR01421,PRD00091,2022-04-24,2,false
USR00972,PRD00008,2022-10-18,1,false
USR00972,PRD02104,2024-02-01,1,false
USR00796,PRD01072,2023-05-30,1,false
USR00796,PRD02344,2022-11-24,3,false
USR00796,PRD01471,2023-04-28,3,false
USR01154,PRD01212,2022-10-17,1,false
USR01154,PRD01127,2022-07-31,3,false
USR01154,PRD01059,2023-01-28,3,false
USR01154,PRD00482,2022-08-29,2,true
USR00468,PRD02968,2023-09-02,1,false
USR00402,PRD02679,2022-05-11,2,false
USR00402,PRD01167,2023-03-14,3,false
USR01073,PRD00806,2023-08-30,1,false
USR01073,PRD00784,2022-03-11,1,false
USR01073,PRD01819,2024-08-13,3,false
USR00469,PRD02345,2022-01-24,2,false
USR00896,PRD00904,2025-08-10,2,true
USR01364,PRD02369,2022-01-05,2,false
USR01364,PRD02062,2023-05-27,3,false
USR00023,PRD00556,2025-11-18,1,false
USR00737,PRD02678,2022-06-12,1,false
USR01104,PRD02512,2025-08-18,2,false
USR01104,PRD02298,2022-02-22,2,true
USR01104,PRD02497,2022-04-06,1,false
USR01104,PRD01424,2022-10-03,2,false
USR00328,PRD02458,2025-01-21,3,false
USR00328,PRD01784,2024-09-05,2,false
USR00328,PRD01091,2023-06-02,1,true
USR00546,PRD00282,2024-07-23,1,false
USR00546,PRD02783,2024-12-04,3,false
USR00430,PRD01583,2024-06-05,2,false
USR00430,PRD01996,2024-07-06,2,false
USR00379,PRD00240,2024-01-31,1,false
USR00379,PRD00244,2023-11-12,1,true
USR00638,PRD00173,2022-06-07,1,false
USR01043,PRD00843,2022-12-29,2,true
USR01043,PRD00964,2025-06-03,2,false
USR01043,PRD02793,2023-04-09,1,false
USR01384,PRD01713,2023-03-28,1,true
USR01384,PRD00242,2025-07-07,2,true
USR01384,PRD02739,2023-08-18,2,false
USR01384,PRD02063,2025-11-19,3,true
USR01052,PRD00551,2024-01-05,2,false
USR00264,PRD00207,2024-02-27,1,true
USR00264,PRD01889,2023-05-18,3,false
USR00647,PRD00960,2022-03-19,2,false
USR00647,PRD00271,2024-09-06,2,false
USR01442,PRD00396,2022-06-26,2,true
USR01442,PRD00903,2024-12-05,3,false
USR01442,PRD02213,2024-05-14,3,true
USR00879,PRD01058,2024-10-04,3,true
USR00879,PRD01086,2023-10-14,1,false
USR00879,PRD00549,2022-05-07,3,false
USR00879,PRD00406,2025-03-13,1,false
USR00396,PRD01013,2023-12-22,3,true
USR00056,PRD00480,2024-07-27,2,false
USR00987,PRD00457,2025-07-22,2,false
USR00987,PRD01064,2022-04-17,2,true
USR00987,PRD01199,2025-05-09,3,false
USR00987,PRD00834,2024-01-27,3,false
USR00413,PRD00658,2022-09-26,3,false
USR00413,PRD00753,2024-06-16,2,false
USR00413,PRD01492,2023-02-12,1,false
USR00030,PRD02593,2022-12-25,1,false
USR00030,PRD00201,2024-04-17,3,true
USR00603,PRD02164,2024-05-24,1,true
USR00603,PRD02152,2025-12-22,2,true
USR00603,PRD02553,2022-02-12,1,true
USR00603,PRD00433,2025-01-31,2,false
USR01269,PRD00661,2025-10-18,3,false
USR00781,PRD02194,2024-01-02,2,false
USR00212,PRD00368,2025-02-17,3,false
USR01167,PRD01678,2025-06-20,3,false
USR01167,PRD01941,2024-03-14,3,false
USR00277,PRD01618,2023-07-09,3,false
USR00277,PRD00193,2024-11-23,3,false
USR00540,PRD02379,2023-10-06,2,false
USR00540,PRD00920,2024-08-29,3,true
USR00540,PRD01134,2023-09-08,1,true
USR00540,PRD02820,2024-11-07,3,false
USR00172,PRD01504,2025-06-18,1,true
USR00172,PRD02852,2022-01-06,2,false
USR00172,PRD02961,2023-03-24,1,false
USR00172,PRD02631,2023-06-14,1,false
USR00090,PRD02924,2023-03-19,2,true
USR00090,PRD01100,2022-06-29,2,false
USR00978,PRD01164,2024-01-02,1,false
USR00978,PRD02185,2024-05-15,2,true
USR00978,PRD02492,2024-07-21,2,false
USR00978,PRD01892,2024-08-09,2,false
USR00209,PRD02790,2023-09-17,1,false
USR00999,PRD02720,2022-11-30,2,false
USR00999,PRD02418,2022-09-13,1,false
USR00999,PRD01555,2022-12-09,1,true
USR00999,PRD02067,2022-08-12,1,false
USR00486,PRD02557,2023-09-06,2,false
USR00486,PRD02833,2023-11-22,2,false
USR00486,PRD02489,2025-10-14,2,false
USR00005,PRD02324,2025-08-14,1,false
USR00557,PRD01396,2022-09-03,2,true
USR00290,PRD00315,2024-05-25,3,true
USR00290,PRD00978,2022-10-09,2,true
USR00290,PRD01596,2025-05-10,1,false
USR00290,PRD00250,2025-07-13,1,false
USR00490,PRD02756,2022-12-09,3,false
USR00490,PRD01332,2025-05-13,3,false
USR00490,PRD01817,2025-02-06,3,false
USR01466,PRD02916,2024-04-03,1,true
USR01251,PRD02260,2024-02-22,1,false
USR01251,PRD02922,2023-04-16,1,false
USR01251,PRD00885,2022-06-20,3,true
USR00779,PRD01187,2025-12-26,2,false
USR00779,PRD01972,2024-10-14,2,false
USR00779,PRD02465,2022-10-17,2,true
USR00779,PRD01591,2023-10-07,3,false
USR00249,PRD00465,2022-11-04,1,false
USR00249,PRD02157,2023-10-07,1,false
USR00311,PRD02185,2022-02-24,1,false
USR00311,PRD01083,2025-09-25,2,false
USR00582,PRD01259,2025-08-08,2,false
USR00582,PRD00609,2025-07-03,3,false
USR00582,PRD02118,2025-02-03,1,true
USR01092,PRD01671,2025-07-19,1,false
USR01092,PRD01059,2023-12-18,3,false
USR01092,PRD02870,2022-01-11,2,false
USR01092,PRD02008,2024-07-22,3,false
USR01423,PRD02816,2025-07-22,3,false
USR00969,PRD01405,2022-08-27,1,true
USR00969,PRD02465,2025-07-21,3,false
USR01390,PRD02455,2024-11-22,3,false
USR01390,PRD01663,2024-10-09,3,false
USR01390,PRD00637,2024-09-14,3,true
USR00262,PRD02254,2024-05-09,2,true
USR01100,PRD01417,2023-07-12,1,false
USR00460,PRD01836,2024-05-22,3,false
USR00460,PRD01973,2025-03-05,2,true
USR00460,PRD00465,2022-12-11,3,false
USR00283,PRD00572,2022-12-27,1,true
USR00283,PRD02044,2023-08-22,1,false
USR00800,PRD01988,2024-09-05,3,false
USR00800,PRD02792,2024-09-04,2,false
USR00800,PRD02008,2022-04-05,2,false
USR00476,PRD01740,2024-12-18,1,false
USR00991,PRD00121,2024-02-26,1,false
USR00991,PRD02657,2023-11-20,1,false
USR00991,PRD01282,2022-12-19,2,true
USR01048,PRD00410,2025-08-08,1,false
USR01048,PRD01795,2025-10-24,3,true
USR01048,PRD01281,2025-04-23,1,false
USR01201,PRD00502,2025-01-24,2,false
USR01201,PRD02874,2023-01-02,1,true
USR01201,PRD02194,2024-04-26,1,true
USR01201,PRD01217,2025-07-27,2,true
USR00177,PRD01929,2022-09-22,2,false
USR00177,PRD01701,2023-12-28,3,false
USR00177,PRD00457,2024-05-20,1,false
USR00177,PRD00214,2023-01-03,1,false
USR00446,PRD00259,2023-06-19,1,false
USR00446,PRD00805,2023-12-15,2,true
USR00716,PRD01102,2025-06-13,2,true
USR01194,PRD02814,2023-09-16,2,false
USR00114,PRD00893,2024-11-22,1,false
USR00114,PRD02714,2024-07-27,3,false
USR00114,PRD00267,2022-06-07,1,false
USR00657,PRD02289,2023-03-29,2,false
USR00657,PRD00450,2022-01-16,3,false
USR00861,PRD00307,2025-01-04,2,false
USR00861,PRD00071,2022-09-07,3,false
USR00861,PRD01717,2023-12-03,2,false
USR00861,PRD00880,2023-09-28,1,false
USR01068,PRD02671,2024-01-30,2,true
USR01068,PRD00795,2025-07-28,2,false
USR01353,PRD02688,2025-01-23,3,false
USR01353,PRD01119,2023-08-25,2,false
USR00050,PRD00305,2022-09-30,3,true
USR00050,PRD00375,2025-09-20,1,false
USR00539,PRD00497,2023-07-14,3,false
USR00539,PRD02034,2024-08-18,1,false
USR00591,PRD00025,2023-11-28,1,false
USR00741,PRD00374,2023-02-22,1,false
USR00741,PRD00546,2024-06-02,3,false
USR00560,PRD01174,2024-05-13,3,true
USR00560,PRD01149,2025-11-02,2,false
USR01090,PRD00182,2022-02-13,1,false
USR00267,PRD02814,2025-04-24,2,true
USR00267,PRD01619,2023-12-02,3,true
USR00963,PRD01024,2023-04-01,3,false
USR00369,PRD02568,2023-07-14,2,false
USR00369,PRD02929,2023-07-29,2,false
USR00489,PRD02612,2025-04-19,1,false
USR00489,PRD01565,2023-03-25,2,false
USR00489,PRD01951,2025-07-29,2,false
USR00078,PRD01667,2025-08-24,1,false
USR00078,PRD00453,2023-05-14,2,false
USR00831,PRD00345,2024-10-03,3,false
USR00527,PRD02597,2023-03-22,2,false
USR00527,PRD01922,2024-07-21,1,false
USR00527,PRD02774,2025-12-28,3,false
USR00819,PRD02896,2022-10-16,3,false
USR00819,PRD00917,2024-02-23,1,false
USR01413,PRD02766,2023-04-09,1,true
USR01413,PRD00894,2024-07-15,2,false
USR01309,PRD00624,2022-12-10,2,false
USR01309,PRD01161,2022-10-16,1,false
USR01017,PRD01213,2024-05-06,1,true
USR01017,PRD00327,2023-05-27,3,false
USR01017,PRD01019,2023-10-29,1,false
USR00313,PRD00881,2023-12-13,1,false
USR00092,PRD02156,2025-09-30,2,true
USR00092,PRD00716,2024-07-24,3,false
USR00092,PRD02715,2024-04-15,2,false
USR01350,PRD00123,2025-01-02,3,false
USR01350,PRD02334,2025-09-04,2,false
USR01350,PRD00137,2024-03-01,3,true
USR01350,PRD00568,2025-08-07,3,false
USR00916,PRD00375,2022-02-09,2,false
USR00916,PRD00022,2023-02-25,3,true
USR00916,PRD01591,2023-11-18,1,false
USR00916,PRD02722,2023-05-15,1,false
USR00804,PRD01697,2025-11-06,3,true
USR01066,PRD02674,2024-11-14,3,false
USR01066,PRD00807,2023-01-18,1,false
USR00383,PRD02046,2025-06-20,2,false
USR00383,PRD00221,2024-03-07,2,true
USR00383,PRD01423,2022-01-03,1,false
USR00563,PRD02857,2022-12-24,2,false
USR00563,PRD02038,2023-11-07,3,false
USR00563,PRD00001,2025-04-23,1,false
USR00563,PRD01058,2022-06-07,1,false
USR01366,PRD02652,2025-03-03,3,false
USR01366,PRD01354,2023-09-14,1,false
USR01366,PRD00790,2022-06-19,3,false
USR01366,PRD00154,2025-06-16,2,false
USR00556,PRD02472,2025-09-08,2,false
USR00556,PRD01650,2024-11-07,3,false
USR00556,PRD01150,2025-08-08,1,false
USR00549,PRD00424,2024-12-23,1,false
USR00549,PRD00293,2025-12-20,3,false
USR01223,PRD02701,2025-04-08,1,false
USR00918,PRD01788,2025-08-01,2,false
USR00918,PRD00386,2024-10-19,3,false
USR00918,PRD01055,2023-05-08,3,false
USR00918,PRD00188,2024-09-12,1,true
USR01392,PRD00472,2024-06-10,1,false
USR01392,PRD02414,2022-08-25,1,false
USR00815,PRD02164,2023-09-15,3,false
USR00485,PRD00690,2024-10-17,3,false
USR00485,PRD00185,2024-10-04,3,false
USR01156,PRD00205,2024-06-14,2,false
USR00266,PRD00901,2024-01-24,2,false
USR00266,PRD00600,2022-11-20,2,false
USR00576,PRD02549,2024-11-09,3,false
USR00576,PRD01058,2022-04-21,3,true
USR01453,PRD00405,2024-04-07,1,true
USR00417,PRD01420,2023-03-02,1,false
USR00417,PRD01434,2023-06-24,1,true
USR00417,PRD02963,2024-07-16,2,false
USR00931,PRD01377,2025-07-27,2,false
USR01485,PRD02465,2025-02-02,2,true
USR01485,PRD02967,2025-08-30,1,true
USR01485,PRD01887,2023-02-18,2,true
USR01485,PRD00103,2024-08-24,2,true
USR00906,PRD02611,2022-11-17,1,false
USR00678,PRD01559,2023-09-09,3,false
USR00678,PRD01861,2023-11-29,3,false
USR00678,PRD00189,2024-04-27,1,false
USR00678,PRD01713,2022-06-12,2,true
USR00418,PRD02102,2025-03-14,2,false
USR00418,PRD01420,2022-12-18,3,true
USR00418,PRD01217,2023-03-10,2,false
USR00418,PRD02278,2022-10-06,1,false
USR00500,PRD01847,2023-10-24,2,false
USR01074,PRD02961,2023-02-13,2,false
USR01074,PRD00178,2024-07-20,1,false
USR01074,PRD00483,2023-01-24,3,false
USR01074,PRD01234,2025-09-19,2,false
USR00812,PRD01924,2024-04-25,1,false
USR00812,PRD01931,2023-11-06,2,false
USR00299,PRD00706,2025-06-30,1,false
USR00299,PRD01950,2024-01-22,3,false
USR00701,PRD01946,2025-06-11,2,false
USR00701,PRD02152,2024-11-22,2,true
USR00701,PRD01775,2023-07-31,2,true
USR00701,PRD02919,2023-04-21,1,true
USR00027,PRD02979,2023-03-27,2,false
USR00027,PRD02623,2024-01-30,3,false
USR00583,PRD01875,2024-03-01,1,true
USR00583,PRD01830,2022-12-15,3,true
USR00583,PRD02519,2025-01-18,1,true
USR00583,PRD02331,2024-10-22,1,false
USR00225,PRD00354,2024-06-07,2,false
USR00225,PRD01701,2024-10-28,3,false
USR00555,PRD01833,2024-01-05,2,false
USR00555,PRD02561,2022-06-11,1,false
USR00016,PRD02779,2022-01-15,3,false
USR00075,PRD02077,2022-05-21,2,false
USR00075,PRD02082,2022-12-12,2,false
USR00075,PRD00921,2023-06-10,2,true
USR00075,PRD02594,2024-06-01,3,false
USR00695,PRD00218,2023-11-25,2,true
USR00749,PRD01381,2022-10-14,1,false
USR00749,PRD01459,2024-08-03,3,false
USR00186,PRD02695,2023-08-08,3,true
USR00186,PRD01582,2023-05-05,2,true
USR00186,PRD01793,2022-11-06,3,false
USR00186,PRD02035,2022-05-30,2,false
USR01059,PRD02577,2023-07-12,3,false
USR01059,PRD02533,2025-12-16,3,false
USR01059,PRD01176,2023-09-25,2,false
USR01190,PRD01055,2023-05-03,1,false
USR01190,PRD01117,2023-06-10,3,false
USR00784,PRD00535,2023-04-18,3,true
USR00784,PRD02819,2022-09-30,3,false
USR00784,PRD02322,2024-11-01,2,false
USR01298,PRD02741,2024-09-04,1,false
USR01298,PRD02331,2025-01-26,1,false
USR01298,PRD00548,2025-03-21,3,false
USR01298,PRD00303,2023-05-26,2,true
USR01267,PRD00776,2023-12-16,3,false
USR01267,PRD02756,2025-10-01,3,false
USR00751,PRD00743,2024-09-14,2,false
USR00751,PRD01901,2022-08-11,3,false
USR00751,PRD02506,2024-02-11,1,true
USR01352,PRD02483,2025-05-25,1,false
USR01352,PRD02307,2025-01-20,1,false
USR00217,PRD02393,2024-03-05,2,false
USR00217,PRD00359,2023-01-23,3,false
USR00217,PRD00189,2025-10-20,3,false
USR00217,PRD01887,2022-12-21,3,false
USR01486,PRD00560,2024-08-02,2,false
USR01184,PRD01316,2023-09-07,2,false
USR01009,PRD01735,2022-07-05,3,true
USR00630,PRD02157,2022-09-06,1,false
USR00630,PRD00978,2024-09-21,3,false
USR00630,PRD01094,2023-04-09,1,true
USR00207,PRD01025,2023-04-03,1,true
USR00166,PRD00246,2025-11-24,1,true
USR00166,PRD02195,2025-07-27,3,false
USR00364,PRD02981,2023-12-08,3,false
USR00364,PRD00119,2022-12-23,3,false
USR00364,PRD00816,2023-12-10,3,false
USR00364,PRD01965,2022-06-01,2,false
USR01296,PRD00209,2022-07-29,1,false
USR01296,PRD00859,2025-09-10,2,false
USR01296,PRD00524,2023-06-30,3,false
USR00291,PRD00197,2025-10-05,2,false
USR00291,PRD01735,2023-03-24,2,true
USR00291,PRD02593,2023-06-08,1,false
USR01385,PRD01316,2022-11-01,2,true
USR01385,PRD02573,2024-12-24,1,false
USR00667,PRD01688,2025-03-02,3,false
USR01429,PRD01408,2023-04-19,2,false
USR00882,PRD02837,2025-02-09,2,false
USR00882,PRD01970,2023-10-01,1,false
USR00138,PRD00368,2024-09-03,3,false
USR00138,PRD01092,2022-07-20,1,false
USR00138,PRD00737,2025-10-19,3,false
USR00059,PRD00993,2025-01-12,1,false
USR00059,PRD02163,2024-06-29,2,false
USR00059,PRD00840,2022-11-24,1,true
USR00059,PRD00044,2024-06-24,1,false
USR00615,PRD02791,2023-08-27,2,true
USR00032,PRD00131,2024-09-15,2,false
USR00032,PRD01263,2025-04-30,1,false
USR00032,PRD02800,2023-10-18,1,false
USR00689,PRD02018,2025-10-27,1,false
USR00689,PRD00209,2024-02-27,3,false
USR00376,PRD00086,2023-11-15,3,false
USR00376,PRD01262,2025-12-03,2,false
USR00376,PRD01479,2023-02-23,2,false
USR01284,PRD00848,2023-02-11,3,false
USR00780,PRD02123,2025-06-02,2,true
USR00780,PRD00646,2025-06-16,3,false
USR01301,PRD01529,2025-07-19,1,false
USR01301,PRD01279,2024-10-20,2,false
USR01301,PRD02877,2024-07-28,3,true
USR01301,PRD02710,2025-02-07,1,true
USR00244,PRD01938,2024-05-13,1,false
USR00244,PRD02706,2024-09-18,3,true
USR00244,PRD01481,2024-11-05,1,true
USR00244,PRD02659,2022-07-25,1,false
USR01415,PRD00263,2022-02-19,2,true
USR01415,PRD02407,2024-01-17,2,true
USR01415,PRD01177,2024-02-19,1,true
USR01415,PRD02712,2025-10-06,1,true
USR00015,PRD02774,2025-10-06,3,false
USR00015,PRD02943,2022-08-03,3,false
USR00015,PRD00019,2025-01-02,3,false
USR00015,PRD00079,2022-05-12,1,false
USR00904,PRD02765,2023-08-28,1,true
USR00904,PRD01363,2024-06-04,3,false
USR00904,PRD00204,2024-11-10,2,true
USR00904,PRD01865,2025-04-10,3,false
USR00062,PRD01263,2025-10-01,3,false
USR00062,PRD01217,2023-11-30,1,true
USR00062,PRD01870,2022-04-05,2,false
USR00062,PRD02364,2023-03-05,2,false
USR00108,PRD02127,2022-11-06,2,false
USR00108,PRD01664,2024-01-13,2,false
USR00108,PRD02863,2022-07-24,3,false
USR00108,PRD00135,2024-07-23,3,false
USR00270,PRD01433,2022-07-21,1,false
USR00270,PRD02784,2025-03-16,3,false
USR00270,PRD02130,2023-11-18,3,false
USR00270,PRD01193,2024-06-02,3,false
USR00775,PRD01454,2024-05-31,3,false
USR00775,PRD01416,2024-06-08,2,false
USR00775,PRD02194,2022-11-15,2,false
USR01395,PRD01473,2022-12-24,1,false
USR00761,PRD00998,2023-05-04,2,false
USR00761,PRD00790,2024-12-06,3,false
USR00761,PRD00585,2022-06-22,1,true
USR00761,PRD01387,2024-01-29,2,true
USR00852,PRD00836,2023-09-10,2,false
USR00852,PRD01142,2024-07-22,1,false
USR00852,PRD00817,2025-10-08,2,false
USR01272,PRD01328,2022-10-27,1,false
USR00788,PRD00610,2023-05-04,2,true
USR00788,PRD00976,2023-11-13,1,false
USR00788,PRD01684,2025-09-08,3,false
USR01474,PRD02672,2023-01-30,1,false
USR01474,PRD00208,2024-07-29,1,false
USR01474,PRD01912,2023-01-14,1,true
USR01474,PRD00077,2024-07-27,3,true
USR00827,PRD02784,2022-08-29,1,true
USR00827,PRD02496,2025-08-25,2,false
USR00827,PRD01921,2022-01-26,3,false
USR00827,PRD02362,2023-10-03,1,true
USR00766,PRD00724,2025-08-06,1,false
USR00766,PRD02485,2023-01-17,3,true
USR00526,PRD01599,2023-10-30,2,false
USR00526,PRD01706,2024-04-27,1,false
USR00526,PRD01854,2022-02-06,1,true
USR01060,PRD00601,2025-02-05,1,false
USR01060,PRD02442,2022-09-25,2,true
USR00036,PRD00469,2023-06-04,1,true
USR00036,PRD01588,2023-06-22,3,true
USR00036,PRD00997,2025-12-24,2,false
USR00623,PRD01237,2025-05-16,2,false
USR00885,PRD00466,2024-10-27,2,false
USR00885,PRD01669,2024-10-19,2,false
USR00885,PRD01195,2023-07-09,2,false
USR01166,PRD02761,2025-02-20,2,false
USR00185,PRD00385,2022-11-17,2,false
USR00185,PRD01637,2024-11-28,2,true
USR00185,PRD02641,2023-02-23,3,true
USR01217,PRD02346,2022-03-08,3,false
USR01217,PRD01571,2022-10-14,3,false
USR01217,PRD01539,2023-05-26,2,false
USR00254,PRD00614,2024-07-31,1,false
USR00254,PRD02455,2022-12-26,2,false
USR00254,PRD02523,2024-12-05,2,false
USR00254,PRD00028,2025-08-11,3,false
USR01316,PRD01540,2024-06-23,1,true
USR00735,PRD00292,2022-06-19,3,true
USR00772,PRD02909,2023-02-08,2,false
USR00772,PRD00782,2025-04-07,3,false
USR00052,PRD02099,2023-03-25,1,false
USR00052,PRD02993,2025-08-26,1,true
USR00052,PRD02157,2024-07-09,3,false
USR00447,PRD01164,2023-06-21,3,false
USR00246,PRD02532,2025-12-11,2,false
USR00246,PRD00783,2023-05-22,3,false
USR00246,PRD02182,2024-10-04,2,false
USR01072,PRD02663,2025-03-26,1,true
USR00284,PRD00377,2024-01-26,3,false
USR00284,PRD00541,2023-11-28,2,true
USR00250,PRD00609,2025-05-08,1,false
USR00250,PRD00460,2022-05-29,2,false
USR00250,PRD01141,2024-08-27,1,true
USR01177,PRD02419,2024-12-14,1,false
USR01177,PRD00766,2024-12-10,2,false
USR01177,PRD01836,2024-12-05,3,false
USR01475,PRD00102,2025-05-18,2,false
USR00859,PRD02436,2024-08-27,1,false
USR00859,PRD00046,2025-12-29,2,false
USR00599,PRD01907,2025-11-21,3,true
USR00599,PRD00709,2024-05-09,2,false
USR00599,PRD02481,2025-05-10,3,false
USR00599,PRD02775,2022-11-18,3,false
USR00044,PRD01768,2025-09-06,3,true
USR01014,PRD01844,2024-03-04,3,false
USR01014,PRD01392,2025-10-08,3,false
USR01014,PRD02068,2024-03-25,2,false
USR01014,PRD02496,2025-05-24,3,true
USR00712,PRD01352,2025-12-07,3,false
USR01435,PRD02466,2022-10-21,2,false
USR01435,PRD02463,2025-11-21,1,false
USR01435,PRD02414,2023-09-02,1,true
USR01435,PRD02420,2022-03-12,3,false
USR00785,PRD02013,2024-07-13,2,false
USR00785,PRD01817,2025-03-29,3,false
USR00785,PRD02732,2025-03-05,3,false
USR00785,PRD02082,2023-04-05,1,true
USR00120,PRD00909,2024-01-06,1,false
USR00120,PRD02346,2025-07-28,2,true
USR01492,PRD02328,2022-06-16,3,false
USR00988,PRD02744,2023-03-17,1,false
USR00988,PRD00829,2025-12-01,3,false
USR00988,PRD00031,2025-08-23,3,false
USR00088,PRD01714,2023-07-11,3,true
USR00088,PRD00761,2024-10-14,2,true
USR00088,PRD02841,2023-10-15,3,false
USR00088,PRD02890,2023-12-16,3,false
USR00162,PRD02322,2024-11-16,2,false
USR01439,PRD00762,2024-10-06,3,true
