userId,reviewId,createdAt,verified,platform
USR00429,REV00001,2024-04-27,true,android
USR01329,REV00002,2022-11-29,true,ios
USR01382,REV00003,2022-03-11,false,ios
USR00431,REV00004,2024-05-07,true,web
USR01131,REV00005,2021-09-28,true,desktop
USR00794,REV00006,2022-06-06,false,android
USR00442,REV00007,2021-08-17,true,android
USR01214,REV00008,2022-06-21,false,android
USR01095,REV00009,2021-06-10,true,ios
USR01075,REV00010,2025-03-21,false,desktop
USR00017,REV00011,2025-09-25,true,android
USR00901,REV00012,2023-08-01,false,desktop
USR00628,REV00013,2020-12-20,true,ios
USR00461,REV00014,2025-09-21,true,desktop
USR00827,REV00015,2023-10-12,false,ios
USR00412,REV00016,2022-04-24,true,ios
USR00944,REV00017,2022-10-04,true,android
USR01002,REV00018,2024-10-13,true,android
USR01264,REV00019,2025-07-07,true,android
USR01063,REV00020,2023-08-05,true,desktop
USR00692,REV00021,2024-04-19,true,android
USR00961,REV00022,2023-09-12,true,android
USR00353,REV00023,2021-01-15,false,web
USR00480,REV00024,2020-04-06,true,desktop
USR01462,REV00025,2023-06-28,false,android
USR00904,REV00026,2024-12-31,true,desktop
USR01434,REV00027,2023-06-01,false,web
USR01056,REV00028,2022-06-10,false,ios
USR00261,REV00029,2023-08-28,false,web
USR00573,REV00030,2023-12-10,true,web
USR00136,REV00031,2023-06-25,false,web
USR01444,REV00032,2024-08-30,true,desktop
USR00879,REV00033,2022-06-16,false,desktop
USR00982,REV00034,2020-11-16,true,android
USR00489,REV00035,2025-10-25,false,web
USR00510,REV00036,2020-12-23,true,ios
USR00278,REV00037,2024-12-29,true,web
USR00322,REV00038,2020-06-23,true,ios
USR00484,REV00039,2022-08-12,true,android
USR01393,REV00040,2025-02-03,true,android
USR01401,REV00041,2022-10-28,true,web
USR00230,REV00042,2022-01-31,false,web
USR01375,REV00043,2020-05-24,false,ios
USR00978,REV00044,2021-04-09,true,ios
USR00109,REV00045,2020-11-22,false,ios
USR00577,REV00046,2024-01-13,true,desktop
USR00973,REV00047,2025-09-12,true,android
USR00957,REV00048,2025-09-28,true,ios
USR01443,REV00049,2025-07-06,false,ios
USR01435,REV00050,2025-05-08,true,ios
USR00178,REV00051,2023-04-18,true,android
USR00111,REV00052,2021-12-25,true,web
USR00726,REV00053,2020-03-25,false,android
USR01481,REV00054,2021-06-28,true,desktop
USR00804,REV00055,2024-10-09,false,ios
USR01171,REV00056,2023-05-20,true,web
USR00790,REV00057,2020-09-04,false,android
USR00287,REV00058,2021-01-19,true,desktop
USR00908,REV00059,2024-03-11,true,android
USR00365,REV00060,2023-03-02,false,android
USR00510,REV00061,2024-09-06,false,ios
USR00554,REV00062,2021-11-05,false,desktop
USR00650,REV00063,2025-11-06,true,desktop
USR00294,REV00064,2025-01-11,true,web
USR01304,REV00065,2023-10-05,true,web
USR00140,REV00066,2022-07-17,true,web
USR01049,REV00067,2022-02-22,false,desktop
USR01313,REV00068,2024-01-25,true,desktop
USR00104,REV00069,2025-10-30,true,web
USR00098,REV00070,2021-12-19,true,ios
USR00066,REV00071,2024-07-14,false,web
USR01006,REV00072,2022-10-13,true,desktop
USR00638,REV00073,2023-04-12,false,web
USR01173,REV00074,2024-05-30,true,desktop
USR00961,REV00075,2023-04-20,false,web
USR01249,REV00076,2021-02-07,true,web
USR01016,REV00077,2021-06-30,true,desktop
USR00984,REV00078,2020-03-22,false,android
USR00864,REV00079,2020-11-24,true,ios
USR01357,REV00080,2023-01-29,false,android
USR00860,REV00081,2023-07-30,true,android
USR00986,REV00082,2023-02-05,true,web
USR00649,REV00083,2025-12-16,false,android
USR00334,REV00084,2024-12-14,false,android
USR00948,REV00085,2025-03-11,true,desktop
USR01169,REV00086,2020-12-19,true,web
USR00003,REV00087,2025-06-27,false,desktop
USR01325,REV00088,2024-10-02,true,android
USR00375,REV00089,2025-09-02,true,desktop
USR00450,REV00090,2025-07-28,false,web
USR00588,REV00091,2023-10-26,false,web
USR01349,REV00092,2024-08-25,false,desktop
USR00623,REV00093,2025-09-24,true,web
USR01432,REV00094,2020-02-01,true,ios
USR00775,REV00095,2024-07-07,false,android
USR00964,REV00096,2024-03-04,false,ios
USR00588,REV00097,2025-06-05,false,android
USR00440,REV00098,2021-08-10,true,web
USR00421,REV00099,2025-08-31,true,desktop
USR00709,REV00100,2024-02-27,true,android
USR00864,REV00101,2023-06-07,true,android
USR00007,REV00102,2023-02-25,true,web
USR01320,REV00103,2022-08-09,true,android
USR01351,REV00104,2024-09-24,true,ios
USR01007,REV00105,2024-10-21,true,android
USR01394,REV00106,2020-08-31,true,web
USR00296,REV00107,2023-07-18,false,android
USR01387,REV00108,2023-01-22,true,ios
USR00491,REV00109,2024-05-12,false,web
USR01311,REV00110,2022-04-11,true,desktop
USR01080,REV00111,2024-10-25,false,desktop
USR01070,REV00112,2025-12-08,true,ios
USR00431,REV00113,2024-11-11,false,ios
USR00714,REV00114,2021-08-04,true,android
USR01456,REV00115,2022-08-23,true,android
USR01294,REV00116,2021-06-29,true,android
USR00772,REV00117,2022-11-13,false,ios
USR00428,REV00118,2021-12-23,false,android
USR01485,REV00119,2020-08-23,false,web
USR00316,REV00120,2024-11-12,true,android
USR00921,REV00121,2024-12-08,true,desktop
USR01103,REV00122,2024-12-20,false,desktop
USR00155,REV00123,2020-10-03,false,web
USR00897,REV00124,2024-10-28,false,desktop
USR00467,REV00125,2020-05-15,true,web
USR00088,REV00126,2024-10-04,true,android
USR00241,REV00127,2022-08-22,true,desktop
USR01021,REV00128,2024-05-14,true,desktop
USR01241,REV00129,2024-08-01,true,web
USR00044,REV00130,2022-09-02,true,ios
USR00957,REV00131,2022-04-15,false,android
USR00302,REV00132,2025-11-13,true,android
USR01133,REV00133,2023-05-09,true,desktop
USR00727,REV00134,2020-02-03,true,web
USR01047,REV00135,2024-11-11,false,web
USR01429,REV00136,2023-07-06,false,desktop
USR00548,REV00137,2020-04-27,true,web
USR00458,REV00138,2025-06-20,true,android
USR00659,REV00139,2024-04-12,true,ios
USR01466,REV00140,2025-06-19,true,desktop
USR01303,REV00141,2025-02-12,true,ios
USR00630,REV00142,2020-12-12,true,web
USR00022,REV00143,2025-07-27,true,desktop
USR00123,REV00144,2024-09-14,false,android
USR00895,REV00145,2022-09-23,false,web
USR00222,REV00146,2024-01-07,true,ios
USR01218,REV00147,2020-02-10,true,android
USR00145,REV00148,2020-06-02,true,desktop
USR00052,REV00149,2020-11-27,true,android
USR01165,REV00150,2021-10-04,true,desktop
USR00729,REV00151,2023-10-19,true,ios
USR00622,REV00152,2023-06-20,true,desktop
USR01172,REV00153,2024-03-10,false,web
USR01156,REV00154,2022-03-26,true,android
USR00163,REV00155,2024-11-12,false,web
USR00987,REV00156,2023-12-01,false,desktop
USR01225,REV00157,2020-09-23,true,ios
USR00428,REV00158,2021-04-03,false,web
USR01063,REV00159,2023-04-08,true,ios
USR00232,REV00160,2025-01-31,true,ios
USR01232,REV00161,2025-12-12,true,ios
USR01117,REV00162,2025-10-28,false,desktop
USR00813,REV00163,2025-08-31,false,web
USR01315,REV00164,2023-03-21,true,ios
USR00097,REV00165,2024-04-19,true,web
USR00219,REV00166,2021-01-28,true,web
USR01438,REV00167,2023-12-20,false,web
USR00540,REV00168,2020-10-05,false,web
USR01217,REV00169,2024-10-18,true,ios
USR00383,REV00170,2020-07-29,false,web
USR00937,REV00171,2025-12-08,true,desktop
USR00314,REV00172,2020-04-22,false,android
USR00014,REV00173,2023-06-18,true,web
USR00739,REV00174,2021-02-02,true,desktop
USR01378,REV00175,2022-06-24,true,desktop
USR00768,REV00176,2024-11-07,true,desktop
USR00060,REV00177,2020-03-26,false,ios
USR01426,REV00178,2024-10-19,true,web
USR00436,REV00179,2022-10-15,false,ios
USR00999,REV00180,2022-07-13,true,web
USR01216,REV00181,2022-02-20,true,ios
USR00038,REV00182,2021-05-25,true,web
USR00558,REV00183,2020-10-18,true,web
USR00345,REV00184,2021-02-16,true,desktop
USR00268,REV00185,2024-09-02,false,ios
USR00394,REV00186,2021-03-22,true,desktop
USR00016,REV00187,2022-09-23,true,desktop
USR00512,REV00188,2025-12-27,true,web
USR00402,REV00189,2025-10-10,true,ios
USR00747,REV00190,2023-08-03,true,web
USR00805,REV00191,2025-12-16,true,ios
USR01135,REV00192,2020-05-08,true,android
USR01180,REV00193,2023-12-03,false,desktop
USR00671,REV00194,2024-03-05,true,ios
USR00553,REV00195,2023-09-26,true,desktop
USR00985,REV00196,2023-01-26,false,web
USR00578,REV00197,2025-10-29,true,android
USR01300,REV00198,2023-04-23,true,ios
USR01348,REV00199,2023-10-29,true,desktop
USR00008,REV00200,2024-01-28,true,desktop
USR00801,REV00201,2024-01-22,true,desktop
USR00682,REV00202,2024-06-22,true,web
USR00872,REV00203,2024-01-16,false,web
USR01228,REV00204,2021-11-21,false,desktop
USR00478,REV00205,2021-02-22,true,ios
USR00552,REV00206,2023-06-22,false,web
USR00199,REV00207,2024-04-25,true,android
USR00447,REV00208,2023-10-04,false,desktop
USR00424,REV00209,2020-12-21,false,ios
USR00159,REV00210,2022-03-17,true,web
USR00910,REV00211,2021-11-02,true,desktop
USR00609,REV00212,2025-02-11,false,web
USR00360,REV00213,2021-03-27,true,desktop
USR01432,REV00214,2021-10-19,true,android
USR01365,REV00215,2023-01-24,false,android
USR01426,REV00216,2025-07-22,true,desktop
USR00916,REV00217,2020-04-23,true,ios
USR01177,REV00218,2024-09-15,true,desktop
USR00700,REV00219,2025-06-09,false,ios
USR00789,REV00220,2025-09-06,true,desktop
USR00674,REV00221,2020-12-19,false,android
USR00684,REV00222,2020-11-15,false,desktop
USR00593,REV00223,2024-02-20,true,ios
USR00638,REV00224,2022-10-25,true,android
USR00179,REV00225,2025-01-23,true,android
USR00780,REV00226,2021-04-25,true,desktop
USR01009,REV00227,2023-12-02,true,web
USR00781,REV00228,2021-01-26,true,ios
USR00778,REV00229,2023-05-08,true,ios
USR00385,REV00230,2024-10-08,false,ios
USR00182,REV00231,2022-12-30,true,web
USR00032,REV00232,2020-01-24,true,web
USR01316,REV00233,2023-05-10,true,web
USR00203,REV00234,2024-01-11,true,android
USR00997,REV00235,2024-04-20,false,ios
USR00359,REV00236,2024-06-02,true,desktop
USR00102,REV00237,2022-11-19,true,desktop
USR00784,REV00238,2023-06-27,false,android
USR00348,REV00239,2020-04-05,false,android
USR00639,REV00240,2024-04-26,true,android
USR00045,REV00241,2020-01-29,true,web
USR01461,REV00242,2021-05-24,false,web
USR00172,REV00243,2025-05-17,true,desktop
USR01010,REV00244,2024-03-26,true,desktop
USR00936,REV00245,2021-11-12,true,web
USR00874,REV00246,2023-08-20,true,web
USR01330,REV00247,2020-07-02,true,desktop
USR00479,REV00248,2022-05-13,true,desktop
USR01346,REV00249,2022-12-01,false,desktop
USR00429,REV00250,2025-04-01,true,android
USR00198,REV00251,2023-11-21,false,android
USR00862,REV00252,2024-04-04,true,ios
USR01275,REV00253,2025-02-20,true,android
USR01435,REV00254,2021-01-02,true,desktop
USR00793,REV00255,2021-01-08,true,desktop
USR01437,REV00256,2024-11-13,true,ios
USR01313,REV00257,2024-01-17,true,ios
USR00084,REV00258,2024-08-17,true,web
USR01350,REV00259,2021-11-16,true,web
USR00948,REV00260,2022-02-07,false,desktop
USR00616,REV00261,2021-11-15,true,desktop
USR00571,REV00262,2023-08-12,true,android
USR00939,REV00263,2024-06-18,true,android
USR01051,REV00264,2023-09-26,true,desktop
USR01005,REV00265,2024-09-30,true,desktop
USR00165,REV00266,2020-11-16,true,ios
USR00460,REV00267,2025-10-13,true,android
USR01394,REV00268,2022-01-01,true,ios
USR00440,REV00269,2023-03-27,false,ios
USR00930,REV00270,2025-09-05,false,web
USR00871,REV00271,2022-03-31,false,web
USR00762,REV00272,2022-05-31,true,ios
USR01412,REV00273,2023-10-23,true,desktop
USR01004,REV00274,2023-03-19,true,ios
USR00886,REV00275,2021-09-13,false,desktop
USR00975,REV00276,2024-08-27,true,ios
USR00158,REV00277,2022-05-23,true,web
USR01466,REV00278,2022-05-08,false,desktop
USR00367,REV00279,2024-09-06,false,ios
USR00314,REV00280,2023-12-25,true,web
USR00337,REV00281,2022-08-02,false,desktop
USR00262,REV00282,2023-04-23,true,android
USR00218,REV00283,2020-05-28,true,desktop
USR00805,REV00284,2024-12-09,true,android
USR00161,REV00285,2021-05-25,false,ios
USR00427,REV00286,2024-09-27,false,android
USR01447,REV00287,2024-05-29,true,android
USR00849,REV00288,2020-06-15,true,web
USR01153,REV00289,2022-02-10,true,ios
USR00699,REV00290,2020-12-05,false,android
USR01441,REV00291,2021-02-14,true,ios
USR00930,REV00292,2025-04-06,true,web
USR00781,REV00293,2022-01-16,true,ios
USR01385,REV00294,2022-08-11,true,ios
USR01094,REV00295,2025-09-15,false,ios
USR00026,REV00296,2024-11-23,true,ios
USR01167,REV00297,2022-06-09,false,android
USR01324,REV00298,2023-04-04,false,ios
USR00943,REV00299,2024-05-11,true,desktop
USR01226,REV00300,2020-02-05,true,ios
USR00690,REV00301,2025-07-18,true,android
USR00928,REV00302,2023-09-26,true,ios
USR00071,REV00303,2025-08-29,false,android
USR01028,REV00304,2025-12-23,true,ios
USR00551,REV00305,2020-10-12,true,android
USR00122,REV00306,2024-07-17,true,android
USR00625,REV00307,2022-11-02,true,android
USR00745,REV00308,2023-04-03,false,android
USR00725,REV00309,2025-07-21,true,web
USR01394,REV00310,2021-08-12,true,ios
USR01142,REV00311,2023-09-16,false,desktop
USR00388,REV00312,2025-11-05,true,android
USR00386,REV00313,2022-12-08,false,desktop
USR00208,REV00314,2023-11-16,false,web
USR00888,REV00315,2024-10-03,true,web
USR01280,REV00316,2021-03-16,false,desktop
USR01338,REV00317,2021-04-17,true,web
USR00213,REV00318,2020-01-09,true,ios
USR00030,REV00319,2020-11-20,false,desktop
USR01289,REV00320,2021-10-23,false,desktop
USR00850,REV00321,2020-10-22,true,android
USR00927,REV00322,2023-08-04,false,web
USR01178,REV00323,2023-03-14,true,web
USR00815,REV00324,2023-03-30,true,ios
USR00929,REV00325,2023-02-06,true,desktop
USR01433,REV00326,2024-06-27,false,web
USR00381,REV00327,2024-11-06,false,web
USR01123,REV00328,2021-02-22,true,ios
USR00787,REV00329,2021-05-18,true,web
USR01240,REV00330,2020-01-07,true,android
USR00959,REV00331,2020-03-03,false,android
USR00208,REV00332,2023-07-27,false,android
USR01330,REV00333,2022-08-23,true,web
USR00418,REV00334,2025-08-05,false,android
USR00106,REV00335,2022-08-23,true,android
USR01128,REV00336,2022-01-07,true,android
USR00284,REV00337,2021-04-15,true,web
USR00016,REV00338,2022-02-02,true,android
USR00852,REV00339,2024-12-27,true,desktop
USR00484,REV00340,2021-02-15,true,android
USR00465,REV00341,2023-04-05,false,android
USR00324,REV00342,2024-08-15,false,web
USR00620,REV00343,2020-03-13,false,desktop
USR00423,REV00344,2023-06-28,false,desktop
USR00729,REV00345,2023-11-04,true,android
USR00885,REV00346,2020-12-26,true,android
USR00401,REV00347,2020-12-07,false,desktop
USR00377,REV00348,2021-07-09,true,web
USR00444,REV00349,2025-09-26,false,desktop
USR01468,REV00350,2025-01-04,false,web
USR01221,REV00351,2023-12-26,true,desktop
USR01314,REV00352,2023-11-20,true,android
USR00001,REV00353,2024-05-06,true,desktop
USR00181,REV00354,2022-03-14,false,ios
USR00157,REV00355,2023-02-24,true,desktop
USR01031,REV00356,2020-02-04,true,web
USR00819,REV00357,2021-08-03,true,ios
USR01333,REV00358,2021-04-16,true,web
USR00710,REV00359,2024-04-07,false,android
USR00847,REV00360,2021-11-15,true,android
USR00384,REV00361,2022-12-07,false,web
USR00794,REV00362,2024-09-08,false,desktop
USR01252,REV00363,2025-05-15,false,desktop
USR00381,REV00364,2025-10-05,true,web
USR01416,REV00365,2022-04-24,true,android
USR01149,REV00366,2021-07-06,true,web
USR01313,REV00367,2025-06-05,true,ios
USR00608,REV00368,2023-03-05,false,desktop
USR00245,REV00369,2025-02-25,true,ios
USR00086,REV00370,2023-03-05,false,desktop
USR00308,REV00371,2020-04-29,true,desktop
USR00323,REV00372,2025-02-20,false,ios
USR00629,REV00373,2020-02-14,false,ios
USR01378,REV00374,2021-11-26,false,android
USR00926,REV00375,2020-07-07,false,desktop
USR00868,REV00376,2020-03-02,true,ios
USR00456,REV00377,2025-05-30,false,ios
USR00146,REV00378,2022-01-23,true,android
USR01332,REV00379,2022-08-17,false,android
USR01308,REV00380,2023-09-15,false,android
USR01408,REV00381,2021-09-23,true,ios
USR00094,REV00382,2022-09-20,true,ios
USR00460,REV00383,2024-01-11,true,android
USR01284,REV00384,2025-07-29,false,desktop
USR01109,REV00385,2025-02-17,false,android
USR00799,REV00386,2025-12-25,true,android
USR01130,REV00387,2023-04-15,true,desktop
USR00836,REV00388,2021-03-02,true,android
USR01043,REV00389,2023-10-19,true,desktop
USR00318,REV00390,2024-04-14,false,android
USR01141,REV00391,2023-05-08,false,android
USR01036,REV00392,2024-12-03,true,ios
USR00129,REV00393,2020-02-11,true,desktop
USR01199,REV00394,2023-04-01,true,desktop
USR00155,REV00395,2024-11-29,false,ios
USR00044,REV00396,2023-10-14,true,ios
USR01171,REV00397,2020-08-04,true,desktop
USR00904,REV00398,2021-11-11,false,desktop
USR00291,REV00399,2025-10-31,true,desktop
USR00229,REV00400,2020-12-20,false,desktop
USR00837,REV00401,2023-01-23,true,ios
USR00677,REV00402,2024-10-18,true,android
USR00402,REV00403,2020-02-27,false,android
USR00603,REV00404,2020-06-03,true,ios
USR00359,REV00405,2023-10-02,false,ios
USR00264,REV00406,2025-12-27,true,android
USR00884,REV00407,2023-07-13,true,desktop
USR00843,REV00408,2023-02-12,false,desktop
USR00563,REV00409,2021-03-11,true,ios
USR00121,REV00410,2020-08-29,true,android
USR00694,REV00411,2023-10-28,false,web
USR00753,REV00412,2020-11-28,true,web
USR00585,REV00413,2020-07-05,true,android
USR00512,REV00414,2024-06-14,false,desktop
USR00200,REV00415,2020-07-16,false,android
USR00497,REV00416,2024-10-22,true,android
USR00784,REV00417,2020-07-19,true,ios
USR01195,REV00418,2025-03-12,false,android
USR00563,REV00419,2025-09-30,false,desktop
USR01117,REV00420,2022-03-25,false,ios
USR00909,REV00421,2023-11-26,true,web
USR01468,REV00422,2025-04-26,true,android
USR00063,REV00423,2025-10-19,true,web
USR01443,REV00424,2023-05-05,false,desktop
USR00190,REV00425,2022-08-16,true,android
USR00782,REV00426,2025-03-17,false,desktop
USR00672,REV00427,2024-08-17,true,desktop
USR00033,REV00428,2021-01-09,false,ios
USR01496,REV00429,2022-07-15,true,android
USR00530,REV00430,2024-01-31,true,desktop
USR00440,REV00431,2024-12-20,true,desktop
USR00009,REV00432,2021-03-11,true,web
USR00549,REV00433,2023-06-27,false,desktop
USR01313,REV00434,2025-11-08,true,web
USR01072,REV00435,2025-09-27,true,ios
USR01238,REV00436,2022-07-16,true,desktop
USR00669,REV00437,2024-12-06,true,desktop
USR00945,REV00438,2020-12-05,true,android
USR00402,REV00439,2024-07-11,true,android
USR00153,REV00440,2020-02-01,false,desktop
USR00225,REV00441,2021-10-07,true,ios
USR00129,REV00442,2020-08-16,false,web
USR01080,REV00443,2022-09-21,true,android
USR00744,REV00444,2022-06-01,true,web
USR01474,REV00445,2020-07-27,true,desktop
USR01421,REV00446,2020-12-27,true,android
USR00710,REV00447,2023-02-13,true,web
USR00799,REV00448,2025-02-17,true,web
USR00230,REV00449,2021-05-01,true,web
USR00215,REV00450,2020-03-13,false,android
USR01161,REV00451,2024-02-13,false,android
USR00381,REV00452,2022-01-17,true,android
USR00707,REV00453,2024-09-20,true,android
USR00385,REV00454,2025-10-03,false,ios
USR01057,REV00455,2020-09-25,false,web
USR01416,REV00456,2025-10-16,false,desktop
USR00518,REV00457,2023-02-21,true,ios
USR01363,REV00458,2024-03-10,true,web
USR01416,REV00459,2020-01-14,true,ios
USR00020,REV00460,2020-02-26,true,web
USR00861,REV00461,2023-06-20,false,web
USR01355,REV00462,2021-03-10,true,android
USR00682,REV00463,2021-08-29,true,desktop
USR01378,REV00464,2020-07-09,false,android
USR01398,REV00465,2020-01-29,true,desktop
USR01219,REV00466,2021-04-01,false,desktop
USR00547,REV00467,2022-02-07,true,desktop
USR00163,REV00468,2022-03-05,true,android
USR00137,REV00469,2025-02-17,true,desktop
USR01395,REV00470,2023-05-10,false,web
USR01276,REV00471,2024-01-04,true,desktop
USR00947,REV00472,2020-12-26,false,desktop
USR00529,REV00473,2021-11-02,true,web
USR00741,REV00474,2025-12-24,true,desktop
USR00660,REV00475,2021-10-29,true,web
USR00165,REV00476,2025-12-22,false,android
USR01058,REV00477,2024-02-16,true,web
USR01182,REV00478,2025-11-22,true,web
USR01465,REV00479,2023-05-08,true,web
USR01277,REV00480,2023-06-22,true,ios
USR00358,REV00481,2020-11-03,true,ios
USR00639,REV00482,2025-12-22,true,ios
USR00733,REV00483,2022-01-27,true,android
USR00466,REV00484,2020-07-13,false,desktop
USR00627,REV00485,2023-04-30,true,ios
USR00510,REV00486,2020-09-14,false,desktop
USR01217,REV00487,2023-04-27,false,desktop
USR00998,REV00488,2022-02-09,true,desktop
USR00007,REV00489,2020-11-07,false,android
USR01313,REV00490,2025-08-13,true,android
USR00954,REV00491,2024-03-04,true,android
USR01464,REV00492,2024-07-12,false,desktop
USR01420,REV00493,2021-06-28,true,desktop
USR01282,REV00494,2020-05-17,true,web
USR01210,REV00495,2023-11-07,true,web
USR00526,REV00496,2023-01-28,true,ios
USR00783,REV00497,2022-09-02,true,desktop
USR00920,REV00498,2025-07-28,true,ios
USR00045,REV00499,2021-04-10,true,ios
USR01150,REV00500,2020-03-30,true,android
USR00465,REV00501,2025-05-12,false,web
USR01363,REV00502,2022-01-26,true,android
USR01499,REV00503,2025-10-28,false,ios
USR00466,REV00504,2025-03-21,true,android
USR00975,REV00505,2023-01-14,true,web
USR00419,REV00506,2023-02-09,true,desktop
USR00580,REV00507,2024-09-10,false,ios
USR01128,REV00508,2020-05-24,true,android
USR01298,REV00509,2024-11-25,true,ios
USR00900,REV00510,2024-03-02,true,android
USR01425,REV00511,2022-01-05,true,android
USR00544,REV00512,2021-06-05,false,desktop
USR00187,REV00513,2023-11-17,true,desktop
USR00426,REV00514,2021-03-17,true,android
USR00806,REV00515,2022-11-29,false,desktop
USR01363,REV00516,2024-12-12,true,ios
USR00404,REV00517,2024-12-30,false,web
USR00396,REV00518,2025-11-15,false,web
USR00367,REV00519,2025-06-15,false,ios
USR00840,REV00520,2025-09-01,false,web
USR01464,REV00521,2021-12-16,true,ios
USR01362,REV00522,2025-04-11,false,android
USR00296,REV00523,2024-07-17,true,android
USR00190,REV00524,2024-07-15,true,android
USR00176,REV00525,2020-09-17,true,desktop
USR01459,REV00526,2021-05-28,false,android
USR00992,REV00527,2020-07-11,false,desktop
USR01354,REV00528,2024-10-15,true,android
USR00895,REV00529,2020-08-05,true,web
USR01161,REV00530,2024-08-25,true,ios
USR00757,REV00531,2021-11-06,true,ios
USR00274,REV00532,2024-04-29,true,android
USR01472,REV00533,2025-01-26,true,web
USR01113,REV00534,2021-07-25,true,ios
USR00949,REV00535,2021-05-24,true,web
USR00103,REV00536,2021-08-09,true,ios
USR00066,REV00537,2025-12-25,true,desktop
USR00682,REV00538,2025-01-03,false,ios
USR00307,REV00539,2022-01-09,true,android
USR00261,REV00540,2020-09-28,false,android
USR00852,REV00541,2022-12-11,false,web
USR01074,REV00542,2024-05-16,false,web
USR00423,REV00543,2025-01-30,true,android
USR00875,REV00544,2025-04-26,true,android
USR00110,REV00545,2021-08-11,true,ios
USR01250,REV00546,2023-02-07,true,android
USR01488,REV00547,2020-09-08,true,ios
USR01175,REV00548,2025-03-29,false,desktop
USR00854,REV00549,2024-10-09,true,ios
USR01029,REV00550,2025-08-08,true,desktop
USR00797,REV00551,2020-12-02,true,android
USR00287,REV00552,2020-06-24,false,web
USR01200,REV00553,2020-06-30,false,ios
USR00294,REV00554,2020-06-04,true,ios
USR01344,REV00555,2021-07-21,false,android
USR00431,REV00556,2025-09-18,true,android
USR00222,REV00557,2024-05-07,false,desktop
USR01001,REV00558,2020-01-06,false,android
USR00976,REV00559,2020-11-12,false,web
USR00361,REV00560,2024-10-31,true,desktop
USR01044,REV00561,2022-09-09,true,ios
USR01090,REV00562,2024-09-25,true,web
USR00428,REV00563,2022-06-13,true,web
USR00725,REV00564,2022-09-21,true,ios
USR00484,REV00565,2023-12-27,false,desktop
USR01272,REV00566,2023-02-11,true,android
USR01118,REV00567,2021-07-21,true,ios
USR01394,REV00568,2020-11-23,true,ios
USR01027,REV00569,2025-10-29,true,ios
USR00422,REV00570,2025-05-08,false,ios
USR00676,REV00571,2020-03-25,false,android
USR00937,REV00572,2022-02-02,true,android
USR00704,REV00573,2025-04-04,true,ios
USR00143,REV00574,2022-08-02,true,ios
USR00851,REV00575,2025-06-15,true,web
USR00612,REV00576,2024-05-04,true,web
USR00880,REV00577,2023-02-19,true,web
USR00438,REV00578,2021-02-11,true,ios
USR00710,REV00579,2023-11-13,false,ios
USR00390,REV00580,2022-02-06,false,desktop
USR00384,REV00581,2020-10-17,false,web
USR00227,REV00582,2021-12-09,true,ios
USR00333,REV00583,2020-05-07,true,android
USR01463,REV00584,2023-06-13,false,web
USR01329,REV00585,2023-07-05,false,desktop
USR01400,REV00586,2021-04-24,false,ios
USR00548,REV00587,2022-09-08,true,web
USR00055,REV00588,2020-10-26,true,ios
USR00966,REV00589,2020-06-29,true,web
USR00367,REV00590,2020-08-13,true,desktop
USR00088,REV00591,2022-08-20,false,ios
USR00101,REV00592,2025-12-04,true,web
USR00916,REV00593,2020-03-04,true,android
USR00372,REV00594,2025-03-22,true,ios
USR00205,REV00595,2025-06-18,true,web
USR00858,REV00596,2020-08-26,false,android
USR01491,REV00597,2024-02-04,true,android
USR00375,REV00598,2022-03-17,true,web
USR00109,REV00599,2023-06-04,true,web
USR00260,REV00600,2020-09-06,false,android
USR00564,REV00601,2024-10-16,false,ios
USR00884,REV00602,2024-04-11,false,android
USR01302,REV00603,2022-11-07,true,desktop
USR00570,REV00604,2025-08-30,true,web
USR01429,REV00605,2022-05-17,true,web
USR01002,REV00606,2021-02-03,true,desktop
USR00366,REV00607,2022-01-09,true,ios
USR01404,REV00608,2022-07-02,true,ios
USR00337,REV00609,2021-08-01,true,web
USR00091,REV00610,2023-11-03,true,android
USR00756,REV00611,2024-09-22,true,desktop
USR00074,REV00612,2023-12-10,false,android
USR01085,REV00613,2021-10-28,false,ios
USR01277,REV00614,2022-04-24,true,desktop
USR00585,REV00615,2021-06-09,true,web
USR00797,REV00616,2020-12-19,true,web
USR00719,REV00617,2025-11-23,true,android
USR00759,REV00618,2023-10-18,true,android
USR00225,REV00619,2022-07-03,false,desktop
USR01006,REV00620,2023-02-24,true,ios
USR00655,REV00621,2021-03-07,false,web
USR00501,REV00622,2024-02-11,false,web
USR00224,REV00623,2023-06-18,true,ios
USR00574,REV00624,2025-01-31,true,android
USR00920,REV00625,2022-07-25,true,desktop
USR00865,REV00626,2022-02-27,true,web
USR01484,REV00627,2025-06-15,true,ios
USR00162,REV00628,2020-06-04,false,web
USR01326,REV00629,2025-05-22,true,android
USR01490,REV00630,2020-01-02,true,android
USR01036,REV00631,2024-05-09,true,ios
USR00826,REV00632,2020-12-13,false,web
USR01183,REV00633,2020-12-22,false,android
USR01030,REV00634,2023-05-31,true,android
USR00046,REV00635,2025-07-12,true,android
USR00773,REV00636,2021-04-07,true,web
USR01028,REV00637,2024-07-29,false,android
USR00246,REV00638,2025-04-29,true,web
USR00447,REV00639,2023-07-23,false,ios
USR00573,REV00640,2021-11-25,true,web
USR01163,REV00641,2021-09-19,true,android
USR00493,REV00642,2020-02-14,true,desktop
USR00121,REV00643,2025-02-27,true,web
USR00521,REV00644,2021-01-31,false,web
USR01061,REV00645,2022-08-10,true,ios
USR00175,REV00646,2022-02-02,true,web
USR00907,REV00647,2022-05-08,true,ios
USR01405,REV00648,2022-02-08,true,android
USR01141,REV00649,2024-04-30,false,android
USR00926,REV00650,2021-01-19,true,web
USR00358,REV00651,2025-07-05,true,web
USR00655,REV00652,2022-12-07,true,web
USR01029,REV00653,2025-12-04,true,ios
USR00032,REV00654,2022-07-21,true,android
USR01308,REV00655,2021-04-26,true,android
USR00523,REV00656,2020-11-22,true,web
USR01316,REV00657,2021-10-24,true,web
USR01488,REV00658,2021-09-06,true,ios
USR00546,REV00659,2022-10-20,false,web
USR00661,REV00660,2020-11-05,false,ios
USR00874,REV00661,2021-02-08,true,web
USR00402,REV00662,2024-06-14,true,desktop
USR00999,REV00663,2021-03-03,true,web
USR00244,REV00664,2022-01-28,false,desktop
USR01047,REV00665,2022-07-01,false,desktop
USR00712,REV00666,2021-05-11,false,web
USR01190,REV00667,2020-10-15,true,ios
USR01264,REV00668,2021-04-29,true,ios
USR01161,REV00669,2025-02-17,true,android
USR01299,REV00670,2024-03-23,true,android
USR00608,REV00671,2024-10-03,true,ios
USR01360,REV00672,2025-03-15,true,desktop
USR01363,REV00673,2025-09-07,true,ios
USR00070,REV00674,2024-08-12,false,web
USR00973,REV00675,2022-07-06,false,android
USR01416,REV00676,2021-12-20,true,android
USR00692,REV00677,2020-08-01,true,ios
USR00754,REV00678,2024-07-07,true,ios
USR00319,REV00679,2025-02-26,true,desktop
USR00007,REV00680,2023-09-22,false,desktop
USR01196,REV00681,2025-09-11,false,ios
USR01463,REV00682,2021-10-02,false,ios
USR01024,REV00683,2022-06-11,true,desktop
USR01021,REV00684,2020-05-10,true,android
USR00141,REV00685,2020-02-11,true,web
USR00709,REV00686,2022-07-09,true,ios
USR01008,REV00687,2025-02-03,true,android
USR01109,REV00688,2025-06-21,true,desktop
USR00325,REV00689,2025-12-04,false,android
USR00491,REV00690,2022-04-07,true,ios
USR00097,REV00691,2022-10-23,true,web
USR01426,REV00692,2024-05-23,true,android
USR00336,REV00693,2025-07-10,true,ios
USR00293,REV00694,2024-03-04,true,android
USR01387,REV00695,2020-11-09,false,ios
USR00015,REV00696,2023-09-28,false,desktop
USR00326,REV00697,2020-07-03,true,ios
USR01246,REV00698,2020-04-01,true,web
USR01138,REV00699,2024-06-16,true,android
USR00789,REV00700,2021-01-03,true,desktop
USR01448,REV00701,2020-12-26,true,web
USR00746,REV00702,2023-09-04,true,web
USR00423,REV00703,2024-01-31,false,android
USR00618,REV00704,2020-12-22,true,android
USR00049,REV00705,2022-03-15,true,ios
USR01465,REV00706,2025-09-15,true,ios
USR00604,REV00707,2022-05-05,true,desktop
USR01335,REV00708,2020-09-20,false,android
USR00815,REV00709,2025-03-03,true,desktop
USR01257,REV00710,2025-05-19,true,desktop
USR00426,REV00711,2020-09-21,true,desktop
USR00565,REV00712,2024-11-09,true,web
USR00648,REV00713,2023-11-18,true,android
USR00403,REV00714,2020-11-06,false,desktop
USR00428,REV00715,2021-09-20,false,android
USR00746,REV00716,2022-04-17,true,android
USR00071,REV00717,2021-02-28,true,desktop
USR00574,REV00718,2025-10-16,true,ios
USR01250,REV00719,2021-02-05,false,ios
USR00743,REV00720,2021-01-24,true,desktop
USR01350,REV00721,2024-05-20,true,desktop
USR00275,REV00722,2024-10-21,true,ios
USR00228,REV00723,2021-11-22,false,android
USR00222,REV00724,2025-09-23,false,desktop
USR00055,REV00725,2021-12-10,true,ios
USR00434,REV00726,2021-11-27,true,web
USR01169,REV00727,2025-07-14,true,android
USR00895,REV00728,2025-07-05,false,android
USR00289,REV00729,2021-09-03,true,android
USR00669,REV00730,2021-05-18,true,web
USR00169,REV00731,2022-10-09,true,android
USR01474,REV00732,2023-06-28,true,ios
USR00559,REV00733,2020-04-24,false,ios
USR01363,REV00734,2021-01-03,true,desktop
USR00159,REV00735,2021-06-10,true,web
USR00199,REV00736,2022-03-08,true,desktop
USR00435,REV00737,2024-11-01,false,web
USR01352,REV00738,2024-12-03,true,web
USR00446,REV00739,2021-07-19,true,web
USR00928,REV00740,2022-05-29,true,ios
USR00698,REV00741,2021-03-02,true,desktop
USR00994,REV00742,2023-02-21,true,desktop
USR00529,REV00743,2023-03-05,false,ios
USR00440,REV00744,2023-01-06,true,ios
USR00614,REV00745,2020-05-17,true,web
USR00717,REV00746,2021-12-24,false,ios
USR00613,REV00747,2022-08-08,true,android
USR01203,REV00748,2023-07-31,true,web
USR01237,REV00749,2025-05-31,true,android
USR00280,REV00750,2021-05-10,false,android
