orderId,productId,quantity,unitPrice,discount
ORD00001,PRD00865,4,601.85,0.11
ORD00001,PRD00227,5,2053.53,0.28
ORD00002,PRD01627,3,2301.46,0.04
ORD00002,PRD00285,2,358.69,0.0
ORD00002,PRD00991,2,2377.41,0.27
ORD00002,PRD01458,4,207.25,0.19
ORD00003,PRD02699,4,1179.96,0.14
ORD00004,PRD00139,1,2119.81,0.24
ORD00005,PRD00188,1,238.37,0.14
ORD00005,PRD02258,5,2160.04,0.08
ORD00005,PRD01411,5,1403.47,0.21
ORD00005,PRD02973,5,1081.29,0.07
ORD00005,PRD01403,1,2380.34,0.03
ORD00006,PRD02343,3,975.74,0.01
ORD00006,PRD01773,2,1553.38,0.2
ORD00006,PRD02256,4,1038.46,0.24
ORD00006,PRD01008,1,1001.59,0.22
ORD00006,PRD01485,4,1488.27,0.01
ORD00007,PRD01624,2,21.25,0.26
ORD00007,PRD01259,1,1304.57,0.01
ORD00007,PRD00854,5,1121.63,0.18
ORD00008,PRD02358,1,884.49,0.1
ORD00009,PRD02044,1,1210.84,0.23
ORD00009,PRD01336,4,2362.13,0.21
ORD00010,PRD00698,2,1747.42,0.26
ORD00010,PRD00625,2,1136.34,0.1
ORD00010,PRD02472,3,2166.58,0.07
ORD00010,PRD02199,4,842.61,0.1
ORD00011,PRD00383,2,841.38,0.09
ORD00011,PRD00530,3,88.0,0.16
ORD00012,PRD00631,3,45.63,0.03
ORD00012,PRD00250,3,663.17,0.09
ORD00012,PRD02342,4,70.83,0.21
ORD00013,PRD00182,2,2010.25,0.09
ORD00013,PRD01097,4,1955.56,0.19
ORD00014,PRD01919,2,430.48,0.27
ORD00014,PRD00765,5,1508.84,0.28
ORD00014,PRD01835,1,1240.23,0.03
ORD00014,PRD00788,5,393.92,0.01
ORD00014,PRD00358,2,822.71,0.2
ORD00015,PRD02223,4,1124.82,0.08
ORD00015,PRD00148,5,1661.65,0.27
ORD00016,PRD00705,2,643.96,0.3
ORD00016,PRD02491,4,11.77,0.1
ORD00016,PRD00185,1,1220.75,0.28
ORD00016,PRD00954,3,625.6,0.26
ORD00017,PRD02624,4,1243.85,0.11
ORD00017,PRD01866,1,225.2,0.14
ORD00017,PRD00971,2,703.45,0.24
ORD00017,PRD00778,4,557.12,0.2
ORD00018,PRD02929,3,300.67,0.29
ORD00018,PRD02875,5,2448.18,0.29
ORD00018,PRD01986,2,2003.01,0.05
ORD00018,PRD02983,4,1730.57,0.01
ORD00018,PRD01712,4,2013.12,0.23
ORD00019,PRD01432,1,1353.18,0.27
ORD00020,PRD00390,5,2142.79,0.04
ORD00021,PRD02949,3,157.81,0.15
ORD00022,PRD01624,5,21.25,0.26
ORD00022,PRD02919,3,2123.44,0.23
ORD00023,PRD00198,3,1592.4,0.2
ORD00023,PRD02613,3,1432.57,0.19
ORD00023,PRD00608,2,1478.87,0.11
ORD00023,PRD01146,4,140.08,0.27
ORD00024,PRD02325,3,828.1,0.06
ORD00024,PRD02785,2,2484.57,0.3
ORD00024,PRD00968,5,1040.31,0.06
ORD00024,PRD01170,2,1198.38,0.25
ORD00025,PRD00033,4,263.56,0.06
ORD00025,PRD00759,2,2237.91,0.23
ORD00026,PRD01241,1,1532.48,0.19
ORD00026,PRD02242,1,1136.52,0.08
ORD00026,PRD01182,2,1138.23,0.09
ORD00027,PRD01611,4,1073.13,0.29
ORD00027,PRD00758,5,1498.99,0.25
ORD00027,PRD00694,5,2313.77,0.02
ORD00028,PRD01983,3,1198.4,0.23
ORD00028,PRD00722,2,2242.86,0.08
ORD00029,PRD00686,5,353.18,0.24
ORD00029,PRD02798,3,633.41,0.09
ORD00029,PRD00087,4,2009.93,0.3
ORD00029,PRD01088,2,805.3,0.19
ORD00030,PRD01379,3,1172.96,0.17
ORD00030,PRD02780,3,54.5,0.24
ORD00031,PRD02290,3,344.17,0.17
ORD00031,PRD00667,3,1786.05,0.11
ORD00031,PRD02033,5,1598.54,0.15
ORD00032,PRD01026,5,880.65,0.24
ORD00032,PRD00436,4,1379.14,0.03
ORD00032,PRD00975,4,1493.95,0.04
ORD00032,PRD00101,3,1490.83,0.23
ORD00032,PRD00013,1,2157.53,0.12
ORD00033,PRD00443,2,1215.49,0.2
ORD00033,PRD02069,3,2240.84,0.22
ORD00034,PRD01584,5,226.54,0.1
ORD00034,PRD02760,4,1760.78,0.26
ORD00034,PRD01178,4,2000.15,0.2
ORD00035,PRD01647,1,343.7,0.06
ORD00035,PRD02860,1,1938.22,0.15
ORD00035,PRD01699,2,748.11,0.08
ORD00036,PRD00326,1,316.59,0.17
ORD00036,PRD00974,1,1167.0,0.26
ORD00036,PRD02992,2,1131.28,0.14
ORD00037,PRD01199,5,673.78,0.25
ORD00037,PRD02895,4,2245.89,0.24
ORD00038,PRD02560,5,698.49,0.09
ORD00038,PRD01223,3,190.59,0.05
ORD00038,PRD00307,3,1518.71,0.2
ORD00039,PRD02610,3,1274.49,0.14
ORD00039,PRD01310,3,1472.64,0.08
ORD00039,PRD00913,3,2115.94,0.02
ORD00039,PRD01803,5,1033.11,0.14
ORD00039,PRD00165,3,1021.85,0.18
ORD00040,PRD02729,2,185.01,0.05
ORD00040,PRD00049,5,833.69,0.1
ORD00040,PRD00710,5,319.97,0.22
ORD00041,PRD02448,1,2054.25,0.11
ORD00041,PRD01797,3,358.65,0.11
ORD00041,PRD01541,5,23.19,0.18
ORD00041,PRD02110,3,448.56,0.18
ORD00041,PRD00350,5,1310.07,0.13
ORD00042,PRD02312,5,2087.02,0.23
ORD00042,PRD00482,1,665.61,0.02
ORD00042,PRD01521,5,421.47,0.2
ORD00042,PRD01906,4,154.89,0.28
ORD00042,PRD01142,5,619.45,0.01
ORD00043,PRD02924,2,228.5,0.11
ORD00044,PRD02984,3,696.83,0.17
ORD00044,PRD02107,5,913.37,0.23
ORD00044,PRD00591,2,1779.36,0.09
ORD00044,PRD00660,4,2472.14,0.08
ORD00045,PRD01842,2,2244.94,0.05
ORD00045,PRD02065,1,59.39,0.11
ORD00045,PRD01211,1,64.51,0.09
ORD00045,PRD01873,2,630.01,0.25
ORD00045,PRD01315,3,2212.45,0.18
ORD00046,PRD02005,5,1638.46,0.18
ORD00046,PRD00573,2,2126.8,0.01
ORD00047,PRD00140,4,1216.26,0.02
ORD00047,PRD00390,2,2142.79,0.25
ORD00048,PRD02025,5,973.53,0.18
ORD00048,PRD01517,4,240.78,0.21
ORD00049,PRD02342,3,70.83,0.12
ORD00049,PRD02075,5,28.13,0.27
ORD00050,PRD01400,1,1744.31,0.2
ORD00050,PRD01874,3,685.14,0.14
ORD00050,PRD01683,5,552.73,0.23
ORD00050,PRD00124,5,92.0,0.14
ORD00050,PRD01520,2,1566.67,0.22
ORD00051,PRD02331,1,2428.67,0.16
ORD00051,PRD02765,1,2224.0,0.19
ORD00052,PRD01409,3,606.59,0.15
ORD00053,PRD01695,2,205.04,0.17
ORD00053,PRD02974,1,1221.91,0.21
ORD00053,PRD01467,5,110.02,0.18
ORD00054,PRD01479,1,1712.22,0.11
ORD00054,PRD02140,2,1985.17,0.02
ORD00055,PRD02232,3,1451.61,0.08
ORD00055,PRD00561,2,998.4,0.12
ORD00055,PRD02779,2,1588.03,0.23
ORD00055,PRD00007,3,2247.68,0.04
ORD00056,PRD00382,4,34.94,0.22
ORD00057,PRD01154,3,2282.7,0.07
ORD00057,PRD02517,4,2458.36,0.17
ORD00057,PRD01578,3,2254.59,0.16
ORD00057,PRD00631,1,45.63,0.13
ORD00057,PRD01846,1,1450.31,0.07
ORD00058,PRD00570,3,1008.73,0.22
ORD00058,PRD00716,1,2309.89,0.08
ORD00058,PRD00934,1,308.18,0.11
ORD00059,PRD00216,4,469.84,0.04
ORD00060,PRD02641,1,739.29,0.27
ORD00060,PRD00135,3,839.0,0.03
ORD00060,PRD00626,3,1767.94,0.15
ORD00060,PRD00013,5,2157.53,0.27
ORD00060,PRD00465,1,1480.35,0.09
ORD00061,PRD00002,3,326.6,0.01
ORD00061,PRD00559,2,1022.34,0.29
ORD00061,PRD02633,1,2070.98,0.04
ORD00061,PRD00662,5,662.62,0.16
ORD00062,PRD01377,1,1241.22,0.15
ORD00062,PRD00670,5,1546.58,0.23
ORD00062,PRD01617,2,2259.03,0.15
ORD00063,PRD02934,1,854.12,0.04
ORD00063,PRD01544,5,905.61,0.04
ORD00064,PRD02378,3,1679.55,0.01
ORD00064,PRD02014,4,2295.43,0.03
ORD00064,PRD01663,2,1714.53,0.23
ORD00064,PRD00019,1,621.6,0.0
ORD00065,PRD02742,3,1377.59,0.28
ORD00065,PRD01113,1,372.11,0.26
ORD00065,PRD02389,2,31.63,0.11
ORD00065,PRD01433,1,1665.89,0.23
ORD00065,PRD00601,5,1395.81,0.15
ORD00066,PRD00869,3,1088.27,0.17
ORD00066,PRD01136,4,2158.3,0.15
ORD00066,PRD01296,5,190.31,0.28
ORD00066,PRD02019,5,1949.75,0.05
ORD00066,PRD01575,5,1288.21,0.19
ORD00067,PRD01660,1,719.3,0.12
ORD00068,PRD01595,2,2354.16,0.06
ORD00068,PRD01565,4,2186.84,0.07
ORD00068,PRD01610,1,2259.4,0.15
ORD00069,PRD02444,5,583.38,0.25
ORD00069,PRD01803,4,1033.11,0.11
ORD00070,PRD01200,5,1665.63,0.19
ORD00070,PRD01518,5,2416.63,0.25
ORD00071,PRD01614,4,442.96,0.27
ORD00072,PRD00914,3,2403.73,0.21
ORD00072,PRD01407,3,2209.41,0.1
ORD00072,PRD01802,3,1310.06,0.01
ORD00072,PRD01326,3,1644.79,0.3
ORD00073,PRD01692,5,1247.22,0.06
ORD00074,PRD00493,2,168.59,0.03
ORD00074,PRD01087,3,2275.64,0.14
ORD00075,PRD02121,2,1316.22,0.05
ORD00075,PRD00133,1,1154.12,0.28
ORD00076,PRD01225,2,433.47,0.15
ORD00076,PRD01142,3,619.45,0.27
ORD00076,PRD00035,1,1753.06,0.27
ORD00077,PRD01025,2,2217.37,0.3
ORD00077,PRD00917,3,786.42,0.16
ORD00078,PRD00121,4,1788.59,0.18
ORD00078,PRD02945,1,1729.95,0.19
ORD00079,PRD01577,4,335.77,0.03
ORD00079,PRD02771,2,1140.53,0.11
ORD00080,PRD01704,5,2109.42,0.11
ORD00080,PRD00794,5,2298.78,0.1
ORD00080,PRD01257,2,1703.49,0.18
ORD00080,PRD02561,3,259.42,0.26
ORD00081,PRD00851,1,2031.67,0.28
ORD00082,PRD00451,2,2282.62,0.22
ORD00083,PRD01977,4,1892.75,0.15
ORD00083,PRD02478,3,2356.03,0.23
ORD00084,PRD01320,1,1117.81,0.14
ORD00084,PRD02587,4,92.33,0.26
ORD00084,PRD00644,5,156.6,0.25
ORD00084,PRD00317,1,899.63,0.05
ORD00085,PRD00225,3,367.15,0.29
ORD00086,PRD02477,2,432.97,0.02
ORD00086,PRD00088,3,619.76,0.24
ORD00087,PRD01543,4,222.97,0.2
ORD00088,PRD00676,1,1656.45,0.09
ORD00089,PRD02566,1,2037.81,0.24
ORD00089,PRD02542,5,2147.91,0.27
ORD00090,PRD00005,4,1203.92,0.14
ORD00090,PRD00412,2,671.16,0.11
ORD00090,PRD00081,1,2266.54,0.04
ORD00091,PRD02397,5,818.94,0.28
ORD00092,PRD00890,1,735.55,0.26
ORD00092,PRD00232,3,1073.16,0.06
ORD00092,PRD02596,2,276.09,0.25
ORD00092,PRD01762,1,1032.88,0.07
ORD00092,PRD02819,2,1907.3,0.23
ORD00093,PRD00369,1,654.02,0.15
ORD00093,PRD02803,4,1386.66,0.04
ORD00093,PRD02659,3,1419.72,0.05
ORD00094,PRD00794,4,2298.78,0.24
ORD00094,PRD00945,2,2077.89,0.13
ORD00094,PRD00339,2,884.8,0.26
ORD00094,PRD01906,1,154.89,0.11
ORD00094,PRD01411,4,1403.47,0.19
ORD00095,PRD02569,5,1881.44,0.2
ORD00095,PRD01478,4,2072.44,0.17
ORD00095,PRD01246,5,1772.33,0.17
ORD00096,PRD02023,3,1753.99,0.04
ORD00096,PRD01610,4,2259.4,0.06
ORD00096,PRD00967,2,1898.93,0.03
ORD00097,PRD01090,2,116.29,0.14
ORD00097,PRD00118,5,2439.59,0.07
ORD00097,PRD02653,1,2329.29,0.22
ORD00097,PRD00708,3,1337.79,0.21
ORD00098,PRD01144,5,1349.14,0.28
ORD00098,PRD00398,5,1431.86,0.13
ORD00098,PRD02755,2,1959.09,0.14
ORD00098,PRD00516,5,875.67,0.23
ORD00099,PRD01062,2,978.9,0.28
ORD00099,PRD00640,4,731.47,0.19
ORD00099,PRD01307,2,2251.64,0.15
ORD00100,PRD00708,4,1337.79,0.2
ORD00100,PRD00403,5,1373.62,0.2
ORD00100,PRD02579,4,1088.0,0.22
ORD00100,PRD02979,5,649.13,0.23
ORD00101,PRD00633,2,1937.01,0.02
ORD00101,PRD01590,2,1849.17,0.28
ORD00101,PRD01394,3,2095.14,0.26
ORD00101,PRD00038,5,2354.07,0.3
ORD00101,PRD00195,2,981.83,0.13
ORD00102,PRD01305,5,806.62,0.11
ORD00102,PRD00931,1,857.66,0.16
ORD00103,PRD00603,5,1240.13,0.1
ORD00103,PRD00883,1,1903.82,0.04
ORD00104,PRD01379,2,1172.96,0.05
ORD00104,PRD02333,5,2008.0,0.26
ORD00104,PRD01428,2,2025.73,0.28
ORD00105,PRD02448,1,2054.25,0.29
ORD00105,PRD02898,3,1048.29,0.21
ORD00105,PRD02713,5,878.05,0.22
ORD00106,PRD00173,5,1112.96,0.14
ORD00106,PRD02683,2,2303.22,0.05
ORD00106,PRD01983,1,1198.4,0.01
ORD00107,PRD02372,4,1779.49,0.0
ORD00107,PRD00458,5,166.32,0.18
ORD00107,PRD02286,3,2357.47,0.01
ORD00107,PRD02844,1,1799.43,0.07
ORD00107,PRD02068,5,1852.76,0.25
ORD00108,PRD00411,2,807.52,0.12
ORD00108,PRD00416,5,2345.98,0.12
ORD00108,PRD00907,2,1087.09,0.07
ORD00108,PRD00527,3,1888.77,0.17
ORD00108,PRD00129,4,589.03,0.26
ORD00109,PRD01647,1,343.7,0.14
ORD00109,PRD02383,5,1650.37,0.02
ORD00110,PRD02473,3,2022.39,0.24
ORD00110,PRD01021,4,840.13,0.18
ORD00110,PRD02846,5,1709.1,0.0
ORD00110,PRD01175,5,1131.76,0.03
ORD00111,PRD00886,5,1804.15,0.23
ORD00111,PRD00325,4,296.49,0.17
ORD00112,PRD00255,1,141.25,0.15
ORD00112,PRD01109,5,1313.59,0.27
ORD00112,PRD01099,5,142.66,0.27
ORD00112,PRD01652,5,2312.86,0.05
ORD00112,PRD00009,3,480.11,0.19
ORD00113,PRD00247,4,2290.83,0.26
ORD00113,PRD00726,1,1872.92,0.24
ORD00114,PRD02322,3,1454.5,0.23
ORD00114,PRD02008,1,651.65,0.09
ORD00114,PRD02170,3,1196.29,0.07
ORD00114,PRD00140,1,1216.26,0.03
ORD00114,PRD01345,1,472.59,0.19
ORD00115,PRD01994,2,1700.06,0.21
ORD00115,PRD00114,1,1343.89,0.14
ORD00115,PRD01414,2,162.63,0.28
ORD00115,PRD00431,2,1253.6,0.11
ORD00116,PRD02795,4,2375.31,0.11
ORD00116,PRD00687,2,338.43,0.28
ORD00116,PRD01009,4,2216.59,0.1
ORD00117,PRD01085,5,2021.03,0.05
ORD00117,PRD02487,3,1449.73,0.06
ORD00117,PRD00393,5,201.86,0.02
ORD00117,PRD00514,5,574.53,0.1
ORD00117,PRD02603,5,491.89,0.12
ORD00118,PRD02521,5,1179.03,0.1
ORD00118,PRD01207,4,2062.77,0.29
ORD00118,PRD01661,5,2403.98,0.29
ORD00118,PRD01321,5,648.67,0.07
ORD00118,PRD02681,1,1519.46,0.03
ORD00119,PRD00488,2,1454.33,0.09
ORD00119,PRD00732,4,707.21,0.04
ORD00119,PRD01924,5,1765.05,0.26
ORD00119,PRD02487,1,1449.73,0.25
ORD00120,PRD01840,1,120.36,0.13
ORD00121,PRD00520,1,1929.88,0.03
ORD00121,PRD00847,4,987.8,0.28
ORD00121,PRD00594,3,188.81,0.06
ORD00121,PRD00484,1,469.5,0.03
ORD00121,PRD01993,3,2065.1,0.23
ORD00122,PRD01353,3,68.42,0.13
ORD00123,PRD00422,3,652.39,0.07
ORD00124,PRD00599,4,2423.09,0.25
ORD00125,PRD01854,5,1580.94,0.04
ORD00125,PRD02679,5,611.13,0.04
ORD00125,PRD02541,3,1280.79,0.0
ORD00125,PRD02694,2,556.91,0.22
ORD00126,PRD00527,2,1888.77,0.3
ORD00126,PRD01038,1,166.36,0.18
ORD00127,PRD00335,3,1932.08,0.04
ORD00127,PRD00160,5,2389.87,0.14
ORD00127,PRD02081,4,962.78,0.14
ORD00128,PRD00571,2,1024.19,0.21
ORD00128,PRD01684,1,1375.46,0.06
ORD00128,PRD01021,3,840.13,0.12
ORD00129,PRD00349,4,751.63,0.08
ORD00129,PRD00710,3,319.97,0.0
ORD00130,PRD01511,2,663.78,0.22
ORD00130,PRD00414,4,1723.62,0.14
ORD00130,PRD01778,2,1176.71,0.18
ORD00131,PRD00507,2,231.15,0.28
ORD00131,PRD02757,3,1596.15,0.17
ORD00131,PRD01724,4,1644.88,0.03
ORD00131,PRD02410,3,1453.29,0.12
ORD00132,PRD01850,1,1740.02,0.14
ORD00132,PRD02563,5,1792.94,0.26
ORD00132,PRD02925,2,2249.66,0.29
ORD00132,PRD02063,4,69.45,0.1
ORD00132,PRD00765,1,1508.84,0.08
ORD00133,PRD01127,4,1241.04,0.02
ORD00133,PRD02181,3,697.22,0.06
ORD00133,PRD02774,1,1664.6,0.06
ORD00133,PRD00828,4,124.88,0.06
ORD00134,PRD01995,3,2236.14,0.24
ORD00135,PRD02940,4,1246.55,0.14
ORD00136,PRD00424,1,2119.02,0.22
ORD00136,PRD00598,2,399.41,0.14
ORD00137,PRD02312,2,2087.02,0.29
ORD00137,PRD01714,4,793.92,0.1
ORD00137,PRD01862,2,288.35,0.19
ORD00138,PRD02302,4,1299.37,0.2
ORD00138,PRD01205,3,1135.82,0.14
ORD00138,PRD02855,3,2204.63,0.22
ORD00138,PRD00335,1,1932.08,0.25
ORD00139,PRD00444,3,1369.84,0.08
ORD00139,PRD01354,1,754.4,0.11
ORD00139,PRD01919,5,430.48,0.13
ORD00139,PRD02987,3,1597.59,0.23
ORD00139,PRD02823,5,1866.97,0.28
ORD00140,PRD01127,5,1241.04,0.05
ORD00140,PRD00564,5,504.35,0.13
ORD00141,PRD01732,3,1625.79,0.26
ORD00141,PRD00513,3,1187.63,0.22
ORD00141,PRD00631,2,45.63,0.04
ORD00141,PRD01019,2,528.12,0.21
ORD00141,PRD02761,4,2432.87,0.28
ORD00142,PRD02841,2,661.8,0.05
ORD00142,PRD02400,5,2386.87,0.28
ORD00142,PRD02702,5,1903.57,0.3
ORD00142,PRD02039,1,630.25,0.18
ORD00143,PRD02449,4,936.92,0.11
ORD00143,PRD01154,3,2282.7,0.19
ORD00144,PRD01003,5,357.78,0.01
ORD00144,PRD01238,1,1048.76,0.18
ORD00144,PRD01066,1,217.89,0.19
ORD00144,PRD00978,3,2162.97,0.02
ORD00144,PRD00624,4,1602.58,0.18
ORD00145,PRD02005,1,1638.46,0.1
ORD00146,PRD02059,5,1656.08,0.26
ORD00146,PRD02398,3,2002.89,0.02
ORD00146,PRD01073,2,2114.66,0.21
ORD00147,PRD00518,1,2200.6,0.13
ORD00147,PRD00979,4,180.0,0.17
ORD00147,PRD01767,4,1112.04,0.07
ORD00147,PRD02748,3,2080.39,0.28
ORD00148,PRD01564,5,505.19,0.25
ORD00149,PRD02335,4,1885.11,0.11
ORD00149,PRD01790,2,1964.77,0.24
ORD00149,PRD01026,1,880.65,0.1
ORD00150,PRD00600,3,2029.24,0.11
ORD00150,PRD01182,4,1138.23,0.1
ORD00150,PRD02203,3,655.28,0.13
ORD00150,PRD02505,2,1676.92,0.18
ORD00151,PRD02313,2,2037.04,0.0
ORD00151,PRD02398,4,2002.89,0.28
ORD00151,PRD01922,1,99.93,0.08
ORD00151,PRD02812,4,394.72,0.13
ORD00151,PRD02455,3,129.09,0.2
ORD00152,PRD02867,1,624.59,0.25
ORD00152,PRD01682,2,869.16,0.24
ORD00153,PRD00457,2,742.61,0.0
ORD00153,PRD00801,3,187.01,0.21
ORD00153,PRD00089,5,571.54,0.3
ORD00153,PRD01354,5,754.4,0.19
ORD00154,PRD00057,2,99.56,0.1
ORD00154,PRD01632,5,1443.49,0.18
ORD00154,PRD01771,1,2192.47,0.26
ORD00154,PRD02305,1,1926.51,0.25
ORD00155,PRD00117,3,2079.95,0.09
ORD00155,PRD02416,5,923.56,0.03
ORD00155,PRD00353,4,373.78,0.27
ORD00156,PRD00885,4,605.04,0.0
ORD00156,PRD00951,3,2347.98,0.18
ORD00156,PRD02463,5,878.94,0.06
ORD00156,PRD02822,4,675.85,0.26
ORD00156,PRD02398,2,2002.89,0.06
ORD00157,PRD00194,5,2011.43,0.07
ORD00157,PRD00877,5,474.29,0.15
ORD00157,PRD01662,4,1228.03,0.1
ORD00157,PRD00286,2,549.82,0.1
ORD00158,PRD02230,2,559.09,0.12
ORD00158,PRD01931,2,604.54,0.13
ORD00158,PRD01425,5,2458.69,0.2
ORD00158,PRD02702,5,1903.57,0.15
ORD00159,PRD00564,2,504.35,0.03
ORD00159,PRD01378,4,542.65,0.03
ORD00159,PRD01246,5,1772.33,0.25
ORD00160,PRD01702,5,2155.39,0.08
ORD00161,PRD02859,4,1731.14,0.07
ORD00161,PRD01364,3,601.85,0.21
ORD00161,PRD02330,3,2354.61,0.2
ORD00161,PRD02281,3,173.22,0.24
ORD00161,PRD00701,1,326.54,0.1
ORD00162,PRD01904,3,1455.36,0.17
ORD00162,PRD01496,1,1699.81,0.08
ORD00163,PRD02885,3,1741.58,0.03
ORD00163,PRD00489,1,988.32,0.02
ORD00163,PRD00271,5,2080.08,0.18
ORD00164,PRD01901,1,2349.73,0.11
ORD00164,PRD02640,5,2200.19,0.24
ORD00164,PRD00687,4,338.43,0.03
ORD00164,PRD01540,4,835.25,0.06
ORD00164,PRD02340,2,1148.44,0.26
ORD00165,PRD01744,5,1172.13,0.15
ORD00165,PRD02412,5,1508.81,0.06
ORD00165,PRD01532,4,907.97,0.22
ORD00165,PRD02809,2,1495.55,0.17
ORD00166,PRD00907,3,1087.09,0.25
ORD00166,PRD02892,5,1837.79,0.3
ORD00166,PRD00446,1,1673.88,0.15
ORD00166,PRD00760,1,2179.61,0.09
ORD00167,PRD01718,1,1950.17,0.28
ORD00167,PRD02029,5,1533.15,0.12
ORD00167,PRD01269,3,1913.62,0.22
ORD00167,PRD00246,4,407.97,0.24
ORD00168,PRD00980,3,1257.15,0.01
ORD00168,PRD00370,3,2178.57,0.27
ORD00168,PRD02392,4,1679.58,0.16
ORD00168,PRD02143,2,443.76,0.26
ORD00169,PRD01579,1,314.19,0.06
ORD00169,PRD02813,5,1307.5,0.19
ORD00169,PRD01723,2,1733.88,0.23
ORD00170,PRD00202,5,1250.95,0.24
ORD00170,PRD02132,4,1467.5,0.22
ORD00170,PRD00610,2,1594.88,0.13
ORD00171,PRD00155,4,2377.85,0.24
ORD00171,PRD01549,1,677.63,0.16
ORD00171,PRD01274,4,2318.29,0.01
ORD00172,PRD02345,4,495.38,0.2
ORD00172,PRD00335,4,1932.08,0.21
ORD00172,PRD02644,1,594.18,0.24
ORD00173,PRD02853,4,1138.74,0.18
ORD00173,PRD01486,2,2054.69,0.26
ORD00173,PRD02630,2,2218.94,0.22
ORD00173,PRD02183,3,867.35,0.01
ORD00174,PRD02434,3,972.31,0.2
ORD00175,PRD01377,4,1241.22,0.1
ORD00175,PRD02448,3,2054.25,0.08
ORD00175,PRD01755,2,1749.53,0.05
ORD00175,PRD00008,2,2298.51,0.26
ORD00176,PRD01707,5,2228.6,0.08
ORD00177,PRD01817,4,1172.8,0.17
ORD00177,PRD00549,2,226.6,0.05
ORD00177,PRD02396,1,2140.42,0.26
ORD00178,PRD02352,5,1433.05,0.11
ORD00178,PRD02878,4,453.41,0.02
ORD00179,PRD02566,3,2037.81,0.24
ORD00179,PRD00145,5,1406.63,0.22
ORD00179,PRD02083,1,2284.15,0.17
ORD00179,PRD02146,2,978.22,0.13
ORD00180,PRD02708,5,1785.14,0.08
ORD00180,PRD02999,2,86.85,0.11
ORD00180,PRD02584,3,1327.56,0.15
ORD00180,PRD00059,3,2381.6,0.13
ORD00180,PRD02780,2,54.5,0.01
ORD00181,PRD01240,5,1919.96,0.21
ORD00181,PRD01391,3,581.01,0.25
ORD00182,PRD02695,5,530.93,0.28
ORD00182,PRD01128,2,1535.39,0.19
ORD00182,PRD00785,4,1539.27,0.26
ORD00182,PRD00172,4,2284.24,0.21
ORD00182,PRD02075,4,28.13,0.26
ORD00183,PRD01363,3,1185.11,0.21
ORD00184,PRD02375,5,378.42,0.12
ORD00185,PRD02831,1,708.12,0.13
ORD00185,PRD02788,3,1700.91,0.14
ORD00186,PRD01931,1,604.54,0.07
ORD00187,PRD00120,4,443.44,0.16
ORD00187,PRD00634,2,972.89,0.15
ORD00187,PRD02700,2,682.2,0.22
ORD00187,PRD02680,3,2200.43,0.29
ORD00187,PRD02083,4,2284.15,0.17
ORD00188,PRD01520,1,1566.67,0.15
ORD00188,PRD02911,4,2467.32,0.04
ORD00189,PRD02270,5,657.97,0.04
ORD00190,PRD01016,1,1473.37,0.13
ORD00191,PRD01538,1,2268.28,0.06
ORD00191,PRD02961,5,324.9,0.3
ORD00192,PRD00088,1,619.76,0.23
ORD00193,PRD01369,4,217.26,0.08
ORD00193,PRD02491,3,11.77,0.01
ORD00193,PRD01225,2,433.47,0.08
ORD00193,PRD00018,4,803.91,0.01
ORD00193,PRD02138,4,27.64,0.27
ORD00194,PRD01610,3,2259.4,0.03
ORD00194,PRD02745,3,2271.33,0.02
ORD00195,PRD00751,5,1622.46,0.1
ORD00195,PRD01589,2,1539.27,0.22
ORD00196,PRD01113,4,372.11,0.02
ORD00196,PRD02088,5,1493.77,0.02
ORD00196,PRD01166,5,1074.16,0.15
ORD00196,PRD02887,2,687.07,0.17
ORD00196,PRD02625,5,2283.28,0.23
ORD00197,PRD01947,2,2005.72,0.29
ORD00197,PRD01923,1,363.04,0.15
ORD00198,PRD02273,3,1615.71,0.27
ORD00199,PRD01283,5,2121.62,0.19
ORD00199,PRD02678,2,1721.45,0.28
ORD00199,PRD00987,1,637.06,0.08
ORD00199,PRD00137,4,320.19,0.24
ORD00200,PRD00402,1,2166.22,0.04
ORD00200,PRD02245,5,2106.47,0.22
ORD00200,PRD00609,2,1737.52,0.1
ORD00200,PRD00219,4,863.2,0.25
ORD00200,PRD01152,5,1092.37,0.17
ORD00201,PRD00729,3,550.03,0.21
ORD00201,PRD00262,3,1618.35,0.11
ORD00202,PRD02583,2,2347.38,0.02
ORD00202,PRD02288,4,1692.2,0.29
ORD00202,PRD02625,4,2283.28,0.3
ORD00202,PRD01729,1,1823.45,0.08
ORD00203,PRD00400,3,1277.1,0.04
ORD00204,PRD02392,5,1679.58,0.04
ORD00204,PRD01385,1,1204.56,0.16
ORD00204,PRD01285,1,285.62,0.2
ORD00204,PRD00816,3,1374.54,0.25
ORD00205,PRD02692,5,1737.48,0.01
ORD00205,PRD02142,5,1116.5,0.26
ORD00205,PRD02701,5,1572.94,0.19
ORD00206,PRD00220,1,1749.78,0.17
ORD00206,PRD01903,2,1299.59,0.19
ORD00206,PRD02018,2,2459.72,0.05
ORD00206,PRD00962,2,1024.28,0.04
ORD00207,PRD00566,1,181.44,0.26
ORD00208,PRD00616,5,1631.01,0.09
ORD00208,PRD00803,1,1746.8,0.14
ORD00208,PRD01103,1,345.67,0.17
ORD00209,PRD00668,4,1727.84,0.3
ORD00209,PRD01357,4,1974.78,0.14
ORD00210,PRD02110,3,448.56,0.01
ORD00211,PRD00448,4,1840.82,0.07
ORD00211,PRD02434,1,972.31,0.07
ORD00211,PRD01864,1,450.91,0.27
ORD00212,PRD01191,5,1870.75,0.21
ORD00213,PRD01860,3,1598.94,0.23
ORD00213,PRD00155,3,2377.85,0.14
ORD00213,PRD00834,4,1972.53,0.2
ORD00213,PRD01854,4,1580.94,0.2
ORD00213,PRD02169,1,615.63,0.22
ORD00214,PRD02880,2,226.12,0.2
ORD00215,PRD00706,2,343.53,0.22
ORD00215,PRD02529,5,498.93,0.09
ORD00215,PRD02478,4,2356.03,0.23
ORD00215,PRD00859,5,205.3,0.01
ORD00215,PRD00763,1,558.69,0.01
ORD00216,PRD01753,4,878.79,0.03
ORD00217,PRD02697,5,125.37,0.21
ORD00217,PRD01657,4,379.88,0.16
ORD00217,PRD00861,1,49.95,0.24
ORD00217,PRD01576,1,1778.18,0.17
ORD00218,PRD02451,2,897.21,0.19
ORD00218,PRD02015,3,2168.27,0.11
ORD00218,PRD00841,3,2028.06,0.15
ORD00218,PRD01079,2,172.13,0.22
ORD00218,PRD02189,4,1928.41,0.06
ORD00219,PRD01703,3,643.25,0.22
ORD00219,PRD00623,4,135.64,0.04
ORD00219,PRD02806,2,2091.26,0.14
ORD00220,PRD00386,5,477.82,0.15
ORD00220,PRD01104,3,721.73,0.25
ORD00220,PRD01274,2,2318.29,0.03
ORD00220,PRD00655,4,931.97,0.0
ORD00220,PRD02720,5,149.67,0.12
ORD00221,PRD02557,1,93.56,0.06
ORD00222,PRD02027,4,1910.7,0.05
ORD00223,PRD00564,4,504.35,0.1
ORD00223,PRD02440,3,2472.7,0.11
ORD00223,PRD00602,2,1906.41,0.27
ORD00223,PRD02070,5,1274.28,0.04
ORD00224,PRD02221,5,1099.31,0.28
ORD00224,PRD01520,2,1566.67,0.21
ORD00224,PRD02770,4,2122.03,0.12
ORD00225,PRD02843,2,808.16,0.18
ORD00225,PRD02270,4,657.97,0.05
ORD00225,PRD01535,1,1254.88,0.23
ORD00225,PRD02100,5,1765.6,0.18
ORD00225,PRD02397,4,818.94,0.09
ORD00226,PRD00696,3,376.3,0.21
ORD00226,PRD02238,1,1180.26,0.28
ORD00226,PRD02855,5,2204.63,0.11
ORD00226,PRD02247,3,242.0,0.07
ORD00227,PRD01419,3,904.32,0.05
ORD00227,PRD00832,5,322.32,0.22
ORD00227,PRD01134,2,319.05,0.03
ORD00228,PRD00510,1,1538.24,0.29
ORD00228,PRD00316,3,102.52,0.1
ORD00228,PRD02928,4,779.34,0.22
ORD00228,PRD00328,3,430.95,0.06
ORD00229,PRD01131,2,1034.42,0.04
ORD00229,PRD00428,2,844.01,0.12
ORD00230,PRD02082,5,396.15,0.18
ORD00230,PRD02518,2,1267.85,0.11
ORD00231,PRD02521,3,1179.03,0.12
ORD00232,PRD01464,1,1441.09,0.07
ORD00232,PRD02833,4,982.36,0.11
ORD00232,PRD01669,5,1609.6,0.15
ORD00233,PRD02988,4,2128.92,0.28
ORD00233,PRD02551,4,1151.91,0.2
ORD00233,PRD01542,3,622.95,0.14
ORD00233,PRD01069,1,613.36,0.15
ORD00233,PRD00264,5,1058.2,0.08
ORD00234,PRD00705,1,643.96,0.01
ORD00235,PRD01507,4,1980.6,0.11
ORD00235,PRD02099,4,406.1,0.01
ORD00236,PRD01688,5,498.56,0.22
ORD00237,PRD00113,4,1190.4,0.13
ORD00237,PRD02306,4,156.83,0.03
ORD00237,PRD00268,4,698.6,0.07
ORD00237,PRD00617,2,167.82,0.06
ORD00238,PRD02476,1,2149.13,0.23
ORD00238,PRD02011,2,1362.07,0.19
ORD00238,PRD00394,4,2370.31,0.02
ORD00238,PRD00876,3,240.06,0.03
ORD00239,PRD00598,5,399.41,0.01
ORD00239,PRD01769,5,1694.5,0.15
ORD00240,PRD01722,4,2449.26,0.11
ORD00240,PRD01006,2,2400.61,0.14
ORD00241,PRD00659,4,1759.65,0.01
ORD00241,PRD00195,2,981.83,0.03
ORD00241,PRD02211,1,1620.67,0.27
ORD00242,PRD00318,3,658.47,0.3
ORD00242,PRD01656,4,44.03,0.19
ORD00242,PRD02637,4,397.72,0.26
ORD00243,PRD00644,2,156.6,0.06
ORD00243,PRD01049,1,1934.66,0.13
ORD00243,PRD02234,3,266.39,0.25
ORD00243,PRD02459,3,1988.74,0.2
ORD00243,PRD00987,4,637.06,0.22
ORD00244,PRD01536,2,959.78,0.24
ORD00245,PRD00395,4,270.22,0.11
ORD00245,PRD01225,3,433.47,0.2
ORD00246,PRD00101,4,1490.83,0.07
ORD00246,PRD01554,2,2113.33,0.22
ORD00246,PRD00350,4,1310.07,0.19
ORD00246,PRD01930,4,222.47,0.03
ORD00246,PRD01247,2,2094.45,0.27
ORD00247,PRD02523,3,1848.21,0.11
ORD00247,PRD02507,3,2018.84,0.14
ORD00247,PRD02170,3,1196.29,0.11
ORD00248,PRD01295,3,8.27,0.09
ORD00248,PRD02802,1,1905.63,0.25
ORD00248,PRD02943,5,1181.37,0.23
ORD00248,PRD02806,2,2091.26,0.06
ORD00249,PRD00567,1,335.33,0.26
ORD00249,PRD01311,1,642.45,0.12
ORD00249,PRD00441,2,1498.87,0.03
ORD00249,PRD01719,2,1009.32,0.18
ORD00249,PRD02394,5,1146.91,0.1
ORD00250,PRD01047,2,1550.84,0.27
ORD00250,PRD00352,5,2219.33,0.01
ORD00251,PRD01602,4,2207.61,0.03
ORD00252,PRD01308,2,1860.14,0.26
ORD00253,PRD01576,1,1778.18,0.15
ORD00253,PRD00745,5,2036.3,0.02
ORD00253,PRD00464,2,548.63,0.18
ORD00253,PRD02004,1,1914.97,0.03
ORD00253,PRD00159,1,540.42,0.25
ORD00254,PRD02842,5,542.55,0.22
ORD00254,PRD00732,1,707.21,0.11
ORD00254,PRD02629,5,591.1,0.04
ORD00254,PRD01887,2,79.88,0.08
ORD00254,PRD02482,3,1117.93,0.18
ORD00255,PRD01575,5,1288.21,0.29
ORD00255,PRD01453,5,603.16,0.28
ORD00255,PRD02904,2,1630.34,0.2
ORD00255,PRD02547,5,332.21,0.11
ORD00255,PRD02248,2,2016.43,0.08
ORD00256,PRD01362,1,815.67,0.13
ORD00256,PRD00060,2,531.28,0.25
ORD00256,PRD00772,4,822.43,0.28
ORD00257,PRD00851,5,2031.67,0.22
ORD00257,PRD01419,5,904.32,0.1
ORD00258,PRD00297,2,2157.44,0.22
ORD00258,PRD00542,3,922.82,0.25
ORD00258,PRD02943,4,1181.37,0.13
ORD00259,PRD02114,5,672.3,0.04
ORD00259,PRD01270,3,715.43,0.26
ORD00259,PRD02140,1,1985.17,0.21
ORD00259,PRD00586,2,1803.48,0.0
ORD00259,PRD02925,4,2249.66,0.03
ORD00260,PRD00360,3,526.42,0.13
ORD00261,PRD02379,5,956.63,0.22
ORD00261,PRD00405,4,62.74,0.1
ORD00262,PRD01563,5,2311.36,0.06
ORD00262,PRD02637,2,397.72,0.04
ORD00262,PRD01139,5,653.22,0.24
ORD00262,PRD01179,2,392.46,0.01
ORD00263,PRD01267,5,1232.36,0.18
ORD00263,PRD00666,1,1475.75,0.23
ORD00263,PRD00783,1,571.13,0.09
ORD00263,PRD00611,5,2213.51,0.16
ORD00264,PRD02313,4,2037.04,0.29
ORD00264,PRD01223,4,190.59,0.04
ORD00264,PRD01109,2,1313.59,0.13
ORD00264,PRD00152,1,830.47,0.22
ORD00265,PRD00711,5,1077.97,0.13
ORD00265,PRD02304,5,1910.6,0.05
ORD00265,PRD00666,4,1475.75,0.18
ORD00265,PRD00742,1,1387.5,0.13
ORD00265,PRD01111,5,589.96,0.02
ORD00266,PRD01505,1,1489.92,0.07
ORD00266,PRD02745,1,2271.33,0.15
ORD00266,PRD01195,3,730.03,0.2
ORD00267,PRD02657,2,2255.58,0.01
ORD00268,PRD00165,3,1021.85,0.17
ORD00269,PRD02991,3,395.18,0.24
ORD00269,PRD02455,3,129.09,0.23
ORD00269,PRD00461,2,409.18,0.08
ORD00269,PRD00442,3,2439.99,0.02
ORD00269,PRD01039,3,850.94,0.22
ORD00270,PRD00792,3,2184.89,0.26
ORD00271,PRD01544,4,905.61,0.06
ORD00271,PRD00807,5,2043.68,0.14
ORD00271,PRD02305,4,1926.51,0.09
ORD00271,PRD00067,4,1352.54,0.04
ORD00272,PRD00297,5,2157.44,0.0
ORD00272,PRD00382,1,34.94,0.02
ORD00272,PRD00706,4,343.53,0.04
ORD00272,PRD02486,3,1976.82,0.21
ORD00272,PRD01207,5,2062.77,0.29
ORD00273,PRD01447,5,1662.86,0.27
ORD00273,PRD00122,4,725.47,0.06
ORD00273,PRD00622,5,2217.32,0.02
ORD00273,PRD02085,3,895.46,0.1
ORD00274,PRD02198,4,581.24,0.11
ORD00274,PRD02870,4,1225.22,0.29
ORD00274,PRD01450,4,1351.21,0.17
ORD00274,PRD01694,2,1968.18,0.05
ORD00274,PRD00740,5,726.87,0.22
ORD00275,PRD00835,2,1773.55,0.11
ORD00275,PRD00840,4,985.15,0.21
ORD00275,PRD02893,2,1044.36,0.14
ORD00275,PRD01819,1,847.2,0.02
ORD00276,PRD00267,3,1959.37,0.25
ORD00276,PRD01613,5,211.3,0.02
ORD00276,PRD01513,1,1009.71,0.14
ORD00277,PRD02956,3,1283.53,0.02
ORD00277,PRD00598,1,399.41,0.09
ORD00277,PRD01801,1,2003.42,0.15
ORD00277,PRD00950,1,1028.23,0.18
ORD00277,PRD00897,5,2159.15,0.27
ORD00278,PRD00533,2,1272.67,0.08
ORD00278,PRD00901,5,604.03,0.04
ORD00278,PRD02852,3,632.35,0.08
ORD00278,PRD01813,2,393.37,0.19
ORD00278,PRD00561,1,998.4,0.27
ORD00279,PRD00715,2,1957.98,0.29
ORD00280,PRD00126,3,2262.94,0.06
ORD00280,PRD00644,1,156.6,0.28
ORD00281,PRD00625,5,1136.34,0.19
ORD00281,PRD00922,3,1316.92,0.08
ORD00281,PRD00604,3,777.44,0.08
ORD00281,PRD01167,3,949.43,0.03
ORD00282,PRD01153,4,2022.65,0.02
ORD00282,PRD02592,3,773.94,0.08
ORD00282,PRD02229,5,1010.02,0.0
ORD00282,PRD02208,3,817.16,0.14
ORD00283,PRD01348,5,567.35,0.19
ORD00283,PRD00629,3,1938.82,0.09
ORD00284,PRD00216,5,469.84,0.16
ORD00284,PRD02342,2,70.83,0.24
ORD00285,PRD02992,1,1131.28,0.1
ORD00285,PRD00575,2,2084.15,0.16
ORD00286,PRD00885,2,605.04,0.23
ORD00286,PRD00998,1,805.22,0.15
ORD00287,PRD01537,2,965.6,0.12
ORD00288,PRD01439,5,2226.99,0.15
ORD00288,PRD01584,4,226.54,0.16
ORD00288,PRD00223,2,251.18,0.2
ORD00289,PRD00916,5,742.33,0.29
ORD00290,PRD02599,2,2220.59,0.25
ORD00290,PRD00252,2,1116.63,0.15
ORD00290,PRD01258,5,1827.65,0.06
ORD00290,PRD00223,1,251.18,0.25
ORD00291,PRD02103,2,889.28,0.24
ORD00291,PRD02722,5,1162.09,0.29
ORD00292,PRD01508,2,1311.11,0.02
ORD00292,PRD00928,4,196.77,0.19
ORD00292,PRD01564,2,505.19,0.14
ORD00293,PRD00912,5,1362.04,0.21
ORD00294,PRD01847,4,1122.58,0.0
ORD00294,PRD01809,2,2032.57,0.06
ORD00294,PRD00527,4,1888.77,0.26
ORD00295,PRD01733,2,414.06,0.1
ORD00296,PRD02570,4,911.5,0.19
ORD00296,PRD02428,1,108.01,0.04
ORD00296,PRD02479,1,2218.37,0.26
ORD00296,PRD00113,3,1190.4,0.01
ORD00296,PRD01569,5,1959.69,0.03
ORD00297,PRD01001,1,142.42,0.13
ORD00297,PRD01354,2,754.4,0.04
ORD00297,PRD00555,5,609.5,0.12
ORD00298,PRD00646,1,278.24,0.29
ORD00298,PRD00426,5,907.21,0.22
ORD00299,PRD01112,2,1755.45,0.29
ORD00299,PRD01945,3,1858.54,0.03
ORD00299,PRD00343,1,2035.01,0.05
ORD00300,PRD02870,4,1225.22,0.23
ORD00301,PRD00209,2,265.1,0.3
ORD00301,PRD01550,1,468.4,0.25
ORD00301,PRD00742,5,1387.5,0.03
ORD00301,PRD01332,5,417.29,0.08
ORD00302,PRD02154,4,392.07,0.02
ORD00302,PRD01556,1,639.49,0.26
ORD00302,PRD02046,1,1015.13,0.2
ORD00302,PRD01926,2,177.02,0.29
ORD00303,PRD00044,4,346.46,0.3
ORD00303,PRD01856,3,544.54,0.25
ORD00304,PRD00355,5,1866.59,0.11
ORD00304,PRD01582,2,2391.0,0.17
ORD00305,PRD02705,1,509.79,0.11
ORD00305,PRD02850,2,1603.15,0.24
ORD00305,PRD00344,5,284.85,0.03
ORD00305,PRD01663,1,1714.53,0.07
ORD00305,PRD02512,4,1852.25,0.13
ORD00306,PRD02198,5,581.24,0.05
ORD00306,PRD00167,4,2121.45,0.07
ORD00306,PRD02598,4,165.21,0.14
ORD00307,PRD01845,1,1701.62,0.21
ORD00307,PRD02805,5,327.88,0.26
ORD00307,PRD02621,2,887.1,0.12
ORD00307,PRD02528,4,1890.55,0.09
ORD00307,PRD00837,5,1232.53,0.1
ORD00308,PRD02135,2,499.95,0.2
ORD00308,PRD01392,3,2421.84,0.14
ORD00308,PRD02216,3,1841.18,0.07
ORD00308,PRD01930,5,222.47,0.24
ORD00309,PRD00778,1,557.12,0.23
ORD00309,PRD01032,2,1213.97,0.18
ORD00310,PRD02514,4,235.45,0.22
ORD00310,PRD02744,5,2319.72,0.29
ORD00310,PRD00447,4,1095.14,0.06
ORD00310,PRD00328,1,430.95,0.03
ORD00310,PRD02345,2,495.38,0.15
ORD00311,PRD01756,2,2063.06,0.01
ORD00311,PRD01155,4,1833.17,0.18
ORD00311,PRD02051,4,377.93,0.2
ORD00311,PRD02211,2,1620.67,0.17
ORD00311,PRD01852,2,2125.99,0.15
ORD00312,PRD02104,2,1426.68,0.12
ORD00313,PRD02650,1,1865.98,0.02
ORD00313,PRD01493,1,2190.5,0.27
ORD00313,PRD02756,2,1055.12,0.27
ORD00313,PRD01184,1,200.84,0.03
ORD00313,PRD02380,1,1873.06,0.29
ORD00314,PRD00553,2,749.15,0.06
ORD00314,PRD01054,2,2350.59,0.17
ORD00314,PRD02590,2,454.24,0.25
ORD00314,PRD01188,5,265.89,0.1
ORD00314,PRD01653,5,2250.33,0.19
ORD00315,PRD02007,1,1624.28,0.27
ORD00315,PRD01249,2,2287.02,0.24
ORD00316,PRD00297,2,2157.44,0.16
ORD00316,PRD00955,5,2099.57,0.26
ORD00317,PRD01681,5,1748.9,0.08
ORD00318,PRD00233,3,1483.1,0.03
ORD00319,PRD00839,1,233.59,0.25
ORD00319,PRD02340,1,1148.44,0.07
ORD00319,PRD00899,5,1488.14,0.09
ORD00319,PRD01500,5,1184.67,0.04
ORD00320,PRD02869,1,1586.86,0.06
ORD00321,PRD02678,2,1721.45,0.24
ORD00321,PRD00206,3,2134.35,0.04
ORD00322,PRD02350,5,2367.62,0.2
ORD00322,PRD02356,2,965.34,0.25
ORD00322,PRD01371,2,643.97,0.04
ORD00322,PRD02873,4,675.08,0.1
ORD00322,PRD00388,5,793.95,0.09
ORD00323,PRD01205,3,1135.82,0.11
ORD00323,PRD01677,5,2497.68,0.18
ORD00323,PRD02867,1,624.59,0.06
ORD00323,PRD02732,2,1092.09,0.12
ORD00323,PRD01204,3,1982.99,0.08
ORD00324,PRD00511,3,340.5,0.14
ORD00324,PRD02611,2,1344.88,0.09
ORD00325,PRD01966,2,400.12,0.05
ORD00325,PRD01518,2,2416.63,0.06
ORD00325,PRD01717,5,1142.8,0.19
ORD00325,PRD01206,4,1103.59,0.02
ORD00325,PRD02605,2,1638.06,0.05
ORD00326,PRD00484,4,469.5,0.22
ORD00326,PRD00371,3,2221.22,0.23
ORD00326,PRD00630,4,396.59,0.17
ORD00326,PRD00493,3,168.59,0.01
ORD00327,PRD01155,3,1833.17,0.3
ORD00327,PRD00820,4,522.41,0.09
ORD00327,PRD00775,1,119.99,0.18
ORD00327,PRD01893,4,669.53,0.17
ORD00327,PRD00539,4,1146.57,0.12
ORD00328,PRD00408,4,2226.34,0.09
ORD00328,PRD01970,1,318.88,0.2
ORD00328,PRD02815,4,190.65,0.08
ORD00328,PRD00458,2,166.32,0.3
ORD00328,PRD02691,3,2319.89,0.2
ORD00329,PRD01946,2,112.02,0.11
ORD00329,PRD02011,1,1362.07,0.21
ORD00329,PRD02087,1,1234.32,0.13
ORD00329,PRD01255,5,6.4,0.16
ORD00330,PRD01822,4,2077.11,0.08
ORD00330,PRD00315,4,2016.48,0.26
ORD00330,PRD00276,4,2158.07,0.1
ORD00330,PRD02340,2,1148.44,0.26
ORD00330,PRD01614,4,442.96,0.04
ORD00331,PRD02513,4,715.75,0.26
ORD00331,PRD01968,5,1652.08,0.18
ORD00331,PRD00175,3,2383.36,0.11
ORD00331,PRD01766,3,2215.54,0.24
ORD00332,PRD01014,2,539.73,0.17
ORD00333,PRD01781,3,1962.28,0.14
ORD00333,PRD00614,2,651.4,0.24
ORD00334,PRD01663,2,1714.53,0.17
ORD00334,PRD02295,5,574.23,0.09
ORD00334,PRD02777,1,2423.37,0.21
ORD00334,PRD00033,3,263.56,0.1
ORD00335,PRD00302,3,2205.63,0.1
ORD00335,PRD00460,5,1941.91,0.11
ORD00335,PRD01994,2,1700.06,0.3
ORD00336,PRD00622,5,2217.32,0.27
ORD00336,PRD00383,4,841.38,0.09
ORD00336,PRD01429,2,1858.94,0.21
ORD00336,PRD01804,3,2394.33,0.29
ORD00336,PRD00066,4,2431.44,0.06
ORD00337,PRD02076,3,1281.74,0.1
ORD00338,PRD00903,3,376.5,0.17
ORD00338,PRD01686,4,1484.96,0.09
ORD00338,PRD01228,4,2441.98,0.17
ORD00339,PRD02070,5,1274.28,0.23
ORD00339,PRD01941,5,1874.1,0.23
ORD00339,PRD02919,3,2123.44,0.25
ORD00339,PRD01760,1,1170.35,0.13
ORD00339,PRD02216,4,1841.18,0.04
ORD00340,PRD01793,2,1007.66,0.27
ORD00340,PRD02877,5,826.57,0.09
ORD00340,PRD01626,1,2071.99,0.12
ORD00341,PRD02938,3,1831.89,0.22
ORD00341,PRD00886,1,1804.15,0.24
ORD00342,PRD01724,4,1644.88,0.24
ORD00342,PRD00579,5,2160.38,0.28
ORD00342,PRD02926,1,2327.97,0.17
ORD00342,PRD01658,2,1907.84,0.21
ORD00342,PRD01060,4,1662.16,0.24
ORD00343,PRD01712,2,2013.12,0.02
ORD00343,PRD00427,1,2160.92,0.05
ORD00343,PRD01873,1,630.01,0.19
ORD00343,PRD01872,5,11.56,0.01
ORD00344,PRD00090,1,653.46,0.24
ORD00345,PRD01296,4,190.31,0.04
ORD00345,PRD00129,3,589.03,0.25
ORD00345,PRD00319,3,122.87,0.0
ORD00346,PRD02529,1,498.93,0.07
ORD00347,PRD00533,4,1272.67,0.05
ORD00347,PRD01243,2,1973.0,0.24
ORD00348,PRD00219,4,863.2,0.27
ORD00348,PRD01443,4,44.17,0.28
ORD00349,PRD01306,5,213.03,0.02
ORD00350,PRD00827,1,1632.92,0.12
ORD00350,PRD00240,5,118.97,0.18
ORD00351,PRD01169,3,2491.99,0.1
ORD00351,PRD01609,3,837.71,0.25
ORD00351,PRD00822,2,1401.1,0.12
ORD00351,PRD02374,5,1998.1,0.03
ORD00351,PRD01354,4,754.4,0.24
ORD00352,PRD01892,1,432.46,0.29
ORD00352,PRD02879,1,1001.74,0.15
ORD00352,PRD00016,3,1853.78,0.29
ORD00352,PRD00480,5,2056.5,0.22
ORD00352,PRD02692,3,1737.48,0.17
ORD00353,PRD01455,1,1716.64,0.3
ORD00354,PRD01157,3,1185.46,0.15
ORD00354,PRD02118,1,1607.82,0.27
ORD00354,PRD02142,1,1116.5,0.23
ORD00354,PRD02078,2,1278.14,0.29
ORD00354,PRD00533,2,1272.67,0.1
ORD00355,PRD00502,4,854.03,0.15
ORD00355,PRD02638,3,1287.16,0.01
ORD00355,PRD00298,4,1286.65,0.1
ORD00355,PRD01133,4,650.27,0.3
ORD00355,PRD00435,1,965.7,0.07
ORD00356,PRD01392,5,2421.84,0.14
ORD00356,PRD00363,2,2277.98,0.16
ORD00356,PRD01348,4,567.35,0.14
ORD00356,PRD01536,1,959.78,0.19
ORD00356,PRD00567,1,335.33,0.05
ORD00357,PRD02889,5,2052.85,0.04
ORD00357,PRD01552,4,1232.5,0.16
ORD00358,PRD02242,5,1136.52,0.14
ORD00359,PRD02609,2,1012.14,0.27
ORD00359,PRD02387,3,2434.93,0.27
ORD00359,PRD01267,2,1232.36,0.18
ORD00359,PRD02013,4,526.75,0.14
ORD00360,PRD02209,4,551.49,0.07
ORD00361,PRD00590,5,85.71,0.24
ORD00361,PRD02038,5,2219.07,0.08
ORD00361,PRD01873,2,630.01,0.04
ORD00361,PRD02929,2,300.67,0.09
ORD00361,PRD01631,1,1762.0,0.18
ORD00362,PRD01585,2,2218.48,0.12
ORD00362,PRD02750,5,1525.39,0.18
ORD00362,PRD00024,3,465.72,0.15
ORD00362,PRD02673,3,2090.04,0.03
ORD00362,PRD01029,5,2427.22,0.11
ORD00363,PRD01736,2,1800.99,0.02
ORD00363,PRD01026,4,880.65,0.26
ORD00363,PRD00515,3,1967.32,0.05
ORD00364,PRD02525,4,1955.9,0.07
ORD00365,PRD01631,1,1762.0,0.2
ORD00365,PRD02795,5,2375.31,0.25
ORD00365,PRD00324,3,689.28,0.21
ORD00366,PRD01616,2,1574.5,0.3
ORD00366,PRD00099,1,2039.14,0.05
ORD00366,PRD01825,1,2006.09,0.1
ORD00366,PRD02200,5,778.87,0.28
ORD00366,PRD01707,4,2228.6,0.17
ORD00367,PRD02084,3,84.9,0.03
ORD00367,PRD00971,1,703.45,0.12
ORD00367,PRD01936,1,1083.25,0.26
ORD00368,PRD00190,3,564.49,0.02
ORD00368,PRD02695,3,530.93,0.14
ORD00368,PRD00870,1,915.47,0.0
ORD00369,PRD01199,3,673.78,0.16
ORD00369,PRD01687,3,2038.66,0.16
ORD00369,PRD01489,1,852.0,0.02
ORD00369,PRD00544,3,2208.16,0.11
ORD00370,PRD01269,3,1913.62,0.21
ORD00370,PRD01292,5,1044.35,0.22
ORD00370,PRD00956,3,507.52,0.12
ORD00370,PRD00873,2,704.51,0.28
ORD00371,PRD00422,2,652.39,0.16
ORD00372,PRD02458,3,328.05,0.13
ORD00372,PRD02292,3,1058.58,0.16
ORD00372,PRD01775,1,2197.64,0.21
ORD00373,PRD02723,5,718.69,0.28
ORD00373,PRD00562,3,1472.03,0.15
ORD00373,PRD00632,3,1759.48,0.19
ORD00374,PRD00583,4,449.64,0.26
ORD00374,PRD00918,5,699.37,0.15
ORD00375,PRD01284,5,1380.33,0.1
ORD00375,PRD02442,3,1409.68,0.03
ORD00376,PRD02898,5,1048.29,0.22
ORD00376,PRD00132,3,2444.56,0.23
ORD00376,PRD01541,1,23.19,0.0
ORD00377,PRD01600,4,1694.12,0.18
ORD00378,PRD02857,1,980.87,0.29
ORD00378,PRD00392,2,1544.48,0.01
ORD00378,PRD02347,1,977.03,0.02
ORD00378,PRD02500,1,873.8,0.26
ORD00379,PRD02139,1,217.92,0.22
ORD00379,PRD00766,3,1075.73,0.22
ORD00380,PRD00475,5,1164.06,0.2
ORD00380,PRD02433,2,1219.09,0.17
ORD00380,PRD02899,4,974.29,0.0
ORD00381,PRD01961,2,2138.59,0.03
ORD00381,PRD00156,3,2014.58,0.12
ORD00381,PRD01225,2,433.47,0.03
ORD00381,PRD02506,5,1991.79,0.17
ORD00381,PRD00579,3,2160.38,0.27
ORD00382,PRD01027,1,1441.14,0.13
ORD00382,PRD01985,5,1074.74,0.06
ORD00382,PRD02751,5,1003.01,0.27
ORD00383,PRD01187,3,1982.0,0.03
ORD00383,PRD01115,2,1017.36,0.21
ORD00383,PRD01862,1,288.35,0.26
ORD00383,PRD00524,1,589.97,0.17
ORD00383,PRD02728,4,2112.79,0.19
ORD00384,PRD02868,5,1148.19,0.17
ORD00384,PRD01313,4,1695.18,0.01
ORD00384,PRD00023,5,666.95,0.09
ORD00385,PRD01505,5,1489.92,0.09
ORD00386,PRD01641,2,1868.78,0.27
ORD00387,PRD00493,2,168.59,0.29
ORD00387,PRD01305,1,806.62,0.24
ORD00387,PRD00439,2,2169.0,0.22
ORD00388,PRD00136,1,1704.13,0.04
ORD00388,PRD00829,2,1848.45,0.14
ORD00388,PRD01743,5,1634.8,0.05
ORD00389,PRD02450,1,1698.5,0.15
ORD00390,PRD00674,3,896.12,0.0
ORD00391,PRD00968,5,1040.31,0.29
ORD00391,PRD02837,4,1965.69,0.18
ORD00391,PRD01324,3,2101.54,0.1
ORD00391,PRD01731,5,277.51,0.18
ORD00392,PRD00233,4,1483.1,0.04
ORD00393,PRD00275,1,302.47,0.16
ORD00393,PRD01736,2,1800.99,0.3
ORD00393,PRD02459,5,1988.74,0.14
ORD00393,PRD01762,2,1032.88,0.25
ORD00393,PRD01969,1,123.35,0.16
ORD00394,PRD00135,4,839.0,0.01
ORD00394,PRD00194,4,2011.43,0.12
ORD00394,PRD00348,1,1159.59,0.0
ORD00395,PRD00381,2,2071.95,0.04
ORD00395,PRD01539,1,1503.29,0.26
ORD00395,PRD00199,3,662.86,0.08
ORD00395,PRD01540,2,835.25,0.28
ORD00395,PRD00108,3,1349.55,0.25
ORD00396,PRD01720,5,1382.12,0.13
ORD00396,PRD02074,5,1203.34,0.05
ORD00396,PRD02110,2,448.56,0.29
ORD00397,PRD01977,2,1892.75,0.26
ORD00397,PRD00177,3,2105.43,0.13
ORD00397,PRD01817,3,1172.8,0.19
ORD00398,PRD02016,5,165.74,0.24
ORD00398,PRD02395,2,981.61,0.26
ORD00398,PRD02120,3,1130.28,0.25
ORD00398,PRD02316,3,143.55,0.01
ORD00398,PRD01749,4,2107.59,0.04
ORD00399,PRD00946,1,966.93,0.16
ORD00399,PRD01592,3,1500.18,0.29
ORD00400,PRD00865,1,601.85,0.18
ORD00400,PRD02431,5,1590.36,0.25
ORD00401,PRD01713,4,907.43,0.23
ORD00401,PRD00567,1,335.33,0.04
ORD00401,PRD02669,4,1597.91,0.08
ORD00401,PRD02800,5,458.3,0.23
ORD00401,PRD01967,5,1794.23,0.23
ORD00402,PRD02208,2,817.16,0.07
ORD00402,PRD02901,1,457.1,0.24
ORD00403,PRD02765,5,2224.0,0.27
ORD00404,PRD02504,1,2345.81,0.13
ORD00404,PRD02856,3,1647.43,0.21
ORD00404,PRD00389,2,2086.42,0.06
ORD00404,PRD00564,1,504.35,0.13
ORD00404,PRD00985,3,1702.62,0.18
ORD00405,PRD01596,4,1654.91,0.15
ORD00405,PRD02220,5,2166.35,0.09
ORD00405,PRD01267,1,1232.36,0.09
ORD00406,PRD02700,5,682.2,0.11
ORD00406,PRD02708,4,1785.14,0.03
ORD00407,PRD00691,2,962.41,0.17
ORD00407,PRD01092,4,970.61,0.14
ORD00407,PRD00019,2,621.6,0.25
ORD00407,PRD01295,2,8.27,0.07
ORD00408,PRD01538,3,2268.28,0.29
ORD00408,PRD00405,3,62.74,0.19
ORD00409,PRD01234,1,21.43,0.19
ORD00409,PRD02181,1,697.22,0.1
ORD00409,PRD01569,5,1959.69,0.11
ORD00409,PRD02026,4,728.81,0.29
ORD00410,PRD00837,2,1232.53,0.08
ORD00411,PRD01560,1,1061.2,0.09
ORD00412,PRD00685,4,295.85,0.01
ORD00412,PRD02388,3,1721.71,0.26
ORD00412,PRD00208,1,2042.36,0.23
ORD00412,PRD02583,2,2347.38,0.14
ORD00413,PRD02629,4,591.1,0.07
ORD00413,PRD02989,3,1899.45,0.02
ORD00413,PRD00697,3,727.34,0.15
ORD00414,PRD00337,2,80.56,0.12
ORD00415,PRD01059,2,1083.37,0.27
ORD00415,PRD02459,3,1988.74,0.21
ORD00416,PRD01895,5,1797.89,0.13
ORD00416,PRD00355,4,1866.59,0.21
ORD00416,PRD01523,5,1065.74,0.02
ORD00417,PRD02404,3,528.33,0.02
ORD00417,PRD02250,4,2465.61,0.02
ORD00417,PRD00542,4,922.82,0.03
ORD00418,PRD00884,2,983.68,0.15
ORD00419,PRD01136,4,2158.3,0.03
ORD00420,PRD01311,4,642.45,0.17
ORD00420,PRD01595,1,2354.16,0.12
ORD00420,PRD00986,4,544.62,0.19
ORD00420,PRD02981,2,1965.61,0.03
ORD00420,PRD00062,1,132.2,0.24
ORD00421,PRD02279,4,2280.28,0.25
ORD00421,PRD02121,2,1316.22,0.1
ORD00421,PRD01876,4,2117.64,0.02
ORD00421,PRD01043,2,2366.79,0.08
ORD00421,PRD01712,4,2013.12,0.21
ORD00422,PRD02356,2,965.34,0.12
ORD00423,PRD02433,1,1219.09,0.17
ORD00423,PRD00787,4,1386.67,0.27
ORD00424,PRD02132,2,1467.5,0.17
ORD00424,PRD02649,1,1297.95,0.0
ORD00424,PRD00580,3,1987.99,0.12
ORD00425,PRD02175,4,475.17,0.28
ORD00425,PRD00335,3,1932.08,0.1
ORD00425,PRD02267,4,1055.76,0.28
ORD00426,PRD01790,5,1964.77,0.21
ORD00427,PRD01091,5,1949.81,0.01
ORD00428,PRD02269,2,321.69,0.25
ORD00428,PRD02450,2,1698.5,0.22
ORD00428,PRD02553,1,2219.7,0.17
ORD00428,PRD00519,2,752.95,0.21
ORD00428,PRD00259,2,2332.31,0.22
ORD00429,PRD00821,4,621.05,0.14
ORD00429,PRD02688,3,2065.58,0.12
ORD00429,PRD01564,4,505.19,0.11
ORD00429,PRD01386,3,636.39,0.05
ORD00430,PRD01340,3,1765.77,0.0
ORD00430,PRD02270,3,657.97,0.09
ORD00430,PRD00630,3,396.59,0.24
ORD00430,PRD00668,4,1727.84,0.13
ORD00430,PRD01843,1,1348.55,0.21
ORD00431,PRD02747,5,874.25,0.27
ORD00431,PRD02476,5,2149.13,0.21
ORD00432,PRD02232,1,1451.61,0.12
ORD00432,PRD01247,3,2094.45,0.16
ORD00432,PRD02523,3,1848.21,0.18
ORD00433,PRD01189,5,1501.11,0.25
ORD00433,PRD00464,4,548.63,0.01
ORD00433,PRD01561,2,2369.21,0.11
ORD00434,PRD00903,5,376.5,0.17
ORD00434,PRD02634,5,733.22,0.28
ORD00434,PRD02760,3,1760.78,0.0
ORD00434,PRD01125,1,1295.24,0.16
ORD00435,PRD02554,5,94.46,0.22
ORD00435,PRD00580,1,1987.99,0.0
ORD00435,PRD01067,1,2064.7,0.28
ORD00435,PRD01104,3,721.73,0.05
ORD00435,PRD02906,1,1004.42,0.29
ORD00436,PRD00809,2,64.95,0.2
ORD00436,PRD02838,1,1620.47,0.14
ORD00436,PRD00655,5,931.97,0.14
ORD00437,PRD00769,1,1602.17,0.04
ORD00437,PRD01094,4,1048.73,0.19
ORD00437,PRD02716,5,1698.82,0.19
ORD00438,PRD00603,3,1240.13,0.27
ORD00439,PRD02850,3,1603.15,0.17
ORD00439,PRD02703,2,16.12,0.16
ORD00440,PRD01238,4,1048.76,0.12
ORD00441,PRD01705,2,919.14,0.04
ORD00441,PRD01209,1,258.55,0.11
ORD00441,PRD02480,5,1690.43,0.18
ORD00442,PRD01980,1,2359.04,0.27
ORD00442,PRD01053,5,53.14,0.18
ORD00442,PRD00754,2,1382.77,0.24
ORD00442,PRD02023,5,1753.99,0.24
ORD00442,PRD02658,5,1861.84,0.28
ORD00443,PRD02119,5,337.46,0.01
ORD00443,PRD01868,4,2468.1,0.13
ORD00443,PRD02306,3,156.83,0.1
ORD00444,PRD02115,2,1858.75,0.01
ORD00444,PRD02304,3,1910.6,0.13
ORD00444,PRD01477,4,1065.01,0.25
ORD00445,PRD00847,1,987.8,0.02
ORD00445,PRD00101,3,1490.83,0.06
ORD00445,PRD01038,3,166.36,0.25
ORD00445,PRD00218,4,1557.97,0.14
ORD00446,PRD00768,5,750.61,0.23
ORD00446,PRD02475,4,1437.46,0.12
ORD00446,PRD00748,2,524.48,0.23
ORD00446,PRD01693,5,633.26,0.08
ORD00447,PRD01276,2,743.62,0.11
ORD00448,PRD01721,2,755.04,0.27
ORD00448,PRD00076,4,1258.82,0.18
ORD00449,PRD02096,5,1356.89,0.3
ORD00449,PRD02040,2,1607.68,0.28
ORD00449,PRD01966,5,400.12,0.26
ORD00449,PRD01296,3,190.31,0.12
ORD00449,PRD02028,2,1869.91,0.29
ORD00450,PRD02055,3,97.17,0.28
ORD00450,PRD02738,3,2069.82,0.14
ORD00451,PRD00640,3,731.47,0.05
ORD00451,PRD00197,2,643.04,0.1
ORD00451,PRD01745,5,357.63,0.19
ORD00451,PRD01671,3,2137.53,0.11
ORD00452,PRD02315,4,2378.9,0.21
ORD00452,PRD02088,5,1493.77,0.24
ORD00452,PRD00190,4,564.49,0.28
ORD00452,PRD00213,4,334.48,0.26
ORD00452,PRD00327,4,771.72,0.21
ORD00453,PRD01314,4,2067.75,0.2
ORD00454,PRD00077,4,347.96,0.27
ORD00454,PRD02597,3,1206.28,0.17
ORD00455,PRD01843,4,1348.55,0.19
ORD00455,PRD02559,4,1040.11,0.11
ORD00455,PRD01880,5,413.0,0.01
ORD00456,PRD00079,2,2496.45,0.13
ORD00457,PRD00980,4,1257.15,0.04
ORD00458,PRD01360,3,630.03,0.17
ORD00458,PRD00289,4,1436.87,0.19
ORD00458,PRD00552,2,838.35,0.26
ORD00458,PRD01328,2,2400.75,0.07
ORD00459,PRD00744,1,2300.6,0.04
ORD00460,PRD00248,5,1864.6,0.24
ORD00460,PRD01641,4,1868.78,0.14
ORD00460,PRD01173,5,901.27,0.09
ORD00460,PRD00862,4,1431.19,0.2
ORD00460,PRD01750,4,575.31,0.09
ORD00461,PRD00666,2,1475.75,0.03
ORD00461,PRD02730,2,22.73,0.14
ORD00461,PRD00180,2,1424.59,0.11
ORD00461,PRD01431,2,1615.95,0.03
ORD00461,PRD00159,1,540.42,0.21
ORD00462,PRD02922,5,592.01,0.12
ORD00462,PRD01897,5,437.96,0.23
ORD00462,PRD00340,3,1712.26,0.13
ORD00462,PRD00122,2,725.47,0.28
ORD00463,PRD00523,5,850.56,0.06
ORD00464,PRD01900,1,2494.12,0.21
ORD00464,PRD02227,5,2255.34,0.17
ORD00465,PRD02754,5,2127.77,0.13
ORD00465,PRD00719,5,2350.76,0.0
ORD00465,PRD01934,2,517.53,0.01
ORD00466,PRD01274,3,2318.29,0.03
ORD00467,PRD01810,4,2140.87,0.22
ORD00467,PRD02523,4,1848.21,0.03
ORD00467,PRD02765,1,2224.0,0.07
ORD00467,PRD02434,1,972.31,0.03
ORD00467,PRD00418,1,362.59,0.03
ORD00468,PRD00826,4,2375.58,0.15
ORD00468,PRD01440,3,386.0,0.21
ORD00468,PRD01425,2,2458.69,0.13
ORD00468,PRD00696,1,376.3,0.0
ORD00469,PRD02748,5,2080.39,0.06
ORD00469,PRD02051,5,377.93,0.2
ORD00470,PRD02754,5,2127.77,0.22
ORD00470,PRD01903,1,1299.59,0.1
ORD00470,PRD02235,4,167.32,0.14
ORD00470,PRD02665,4,821.0,0.2
ORD00471,PRD00090,4,653.46,0.12
ORD00471,PRD02074,3,1203.34,0.21
ORD00471,PRD01779,5,389.98,0.17
ORD00471,PRD02247,4,242.0,0.05
ORD00471,PRD01219,2,169.96,0.06
ORD00472,PRD02664,5,1965.16,0.17
ORD00472,PRD00299,4,160.66,0.14
ORD00472,PRD02838,1,1620.47,0.26
ORD00472,PRD01917,2,936.89,0.02
ORD00473,PRD02189,1,1928.41,0.16
ORD00473,PRD01779,3,389.98,0.14
ORD00473,PRD01059,4,1083.37,0.02
ORD00473,PRD00449,5,547.88,0.17
ORD00474,PRD02173,4,879.95,0.29
ORD00474,PRD01651,4,755.14,0.23
ORD00474,PRD02112,5,2413.3,0.05
ORD00474,PRD01030,4,2176.82,0.18
ORD00474,PRD02189,4,1928.41,0.03
ORD00475,PRD02187,2,1924.71,0.03
ORD00475,PRD01440,4,386.0,0.19
ORD00475,PRD01436,4,62.03,0.06
ORD00475,PRD00273,3,453.8,0.25
ORD00476,PRD02195,3,532.02,0.18
ORD00476,PRD00354,1,1862.56,0.08
ORD00477,PRD01664,1,846.56,0.22
ORD00477,PRD02621,2,887.1,0.18
ORD00478,PRD02912,3,1526.16,0.21
ORD00479,PRD00868,3,499.76,0.03
ORD00479,PRD02475,2,1437.46,0.24
ORD00479,PRD02875,3,2448.18,0.21
ORD00479,PRD01175,5,1131.76,0.3
ORD00480,PRD00019,5,621.6,0.16
ORD00480,PRD02056,1,2364.79,0.22
ORD00481,PRD00413,5,2420.52,0.13
ORD00481,PRD00489,3,988.32,0.29
ORD00481,PRD02876,2,1105.03,0.09
ORD00481,PRD01337,1,20.7,0.25
ORD00481,PRD02488,4,2016.02,0.14
ORD00482,PRD00268,1,698.6,0.04
ORD00482,PRD01619,5,1999.6,0.16
ORD00482,PRD02003,5,708.1,0.03
ORD00483,PRD02897,5,747.67,0.15
ORD00483,PRD02471,4,2090.33,0.16
ORD00484,PRD02097,2,710.14,0.24
ORD00484,PRD02528,2,1890.55,0.25
ORD00484,PRD02483,2,1651.1,0.09
ORD00484,PRD02029,2,1533.15,0.13
ORD00485,PRD01379,3,1172.96,0.24
ORD00485,PRD00519,4,752.95,0.07
ORD00485,PRD00831,4,45.11,0.03
ORD00485,PRD02998,5,846.62,0.2
ORD00486,PRD00782,1,1751.53,0.23
ORD00486,PRD00832,1,322.32,0.16
ORD00486,PRD01401,2,1379.25,0.09
ORD00486,PRD01709,1,109.09,0.17
ORD00487,PRD01436,1,62.03,0.29
ORD00487,PRD00861,4,49.95,0.13
ORD00488,PRD00489,4,988.32,0.03
ORD00488,PRD02105,2,2189.72,0.09
ORD00489,PRD02102,5,564.11,0.17
ORD00489,PRD01088,4,805.3,0.09
ORD00489,PRD02103,2,889.28,0.11
ORD00489,PRD00945,1,2077.89,0.24
ORD00490,PRD00775,3,119.99,0.12
ORD00490,PRD02790,5,676.11,0.05
ORD00491,PRD02009,1,510.86,0.04
ORD00491,PRD02097,4,710.14,0.3
ORD00491,PRD00926,1,1523.96,0.25
ORD00491,PRD01814,1,591.37,0.01
ORD00491,PRD00204,2,202.3,0.15
ORD00492,PRD00904,1,1714.43,0.05
ORD00492,PRD00343,4,2035.01,0.27
ORD00493,PRD02645,2,681.92,0.15
ORD00493,PRD01040,4,1192.29,0.2
ORD00493,PRD01045,4,2047.52,0.28
ORD00493,PRD01391,2,581.01,0.2
ORD00494,PRD00615,2,1545.19,0.15
ORD00494,PRD02083,4,2284.15,0.07
ORD00494,PRD00722,5,2242.86,0.16
ORD00495,PRD00364,1,2285.71,0.25
ORD00495,PRD00913,4,2115.94,0.13
ORD00496,PRD00582,2,1471.64,0.21
ORD00497,PRD01680,2,1219.55,0.17
ORD00497,PRD02271,4,2298.78,0.22
ORD00497,PRD02312,3,2087.02,0.25
ORD00497,PRD01027,3,1441.14,0.2
ORD00497,PRD00919,5,2438.95,0.05
ORD00498,PRD02589,3,295.53,0.08
ORD00498,PRD02445,1,1034.41,0.12
ORD00499,PRD01138,5,2106.86,0.16
ORD00500,PRD02852,2,632.35,0.22
ORD00500,PRD00397,4,676.74,0.15
ORD00500,PRD00112,2,2292.39,0.19
ORD00500,PRD02110,3,448.56,0.19
